	Country Name	2000	2001	2002	2003	2004	2005	2006	2007	2008	2009	2010	2011	2012	2013	2014	2015	2016	2017	2018	2019	2020
0	Aruba	1873452514.0	1920111732.0	1941340782.0	2021229050.0	2228491620.0	2330726257.0	2424581006.0	2615083799.0	2745251397.0	2498882682.0	2390502793.0	2549720670.0	2534636872.0	2727849721.0	2790849162.0	2962905028.0	2983636872.0	3092430168.0	3202188607.0	NULL	NULL
1	Africa Eastern and Southern	283953000000.0	258843000000.0	264895000000.0	352692000000.0	438876000000.0	512260000000.0	575976000000.0	661242000000.0	708354000000.0	712558000000.0	847409000000.0	943378000000.0	950521000000.0	964242000000.0	984807000000.0	919930000000.0	873355000000.0	985356000000.0	1012850000000.0	1009910000000.0	920792000000.0
2	Afghanistan	NULL	NULL	4055179566.0	4515558808.0	5226778809.0	6209137625.0	6971285595.0	9747879532.0	10109305183.0	12416161049.0	15856678596.0	17805113119.0	19907317066.0	20146404996.0	20497126770.0	19134211764.0	18116562465.0	18753469630.0	18053228579.0	18799450743.0	20116137326.0
3	Africa Western and Central	140408000000.0	148012000000.0	176933000000.0	204642000000.0	254090000000.0	310554000000.0	393297000000.0	461778000000.0	566426000000.0	506996000000.0	591583000000.0	670963000000.0	727571000000.0	820788000000.0	864967000000.0	760730000000.0	690543000000.0	683742000000.0	741692000000.0	794572000000.0	784588000000.0
4	Angola	9129634978.0	8936063723.0	15285594828.0	17812705294.0	23552052408.0	36970918699.0	52381006892.0	65266452081.0	88538611205.0	70307163678.0	83799496611.0	111790000000.0	128053000000.0	136710000000.0	145712000000.0	116194000000.0	101124000000.0	122124000000.0	101353000000.0	89417190341.0	58375976293.0
5	Albania	3480355258.0	3922100794.0	4348068242.0	5611496257.0	7184685782.0	8052073539.0	8896072919.0	10677324144.0	12881353508.0	12044208086.0	11926922829.0	12890764531.0	12319830437.0	12776220507.0	13228147516.0	11386850130.0	11861199831.0	13019689337.0	15156432310.0	15400242875.0	14887629268.0
6	Andorra	1429049198.0	1546926174.0	1755910032.0	2361726862.0	2894921778.0	3159905484.0	3456442103.0	3952600602.0	4085630584.0	3674409558.0	3449966857.0	3629203786.0	3188808943.0	3193704343.0	3271808157.0	2789870188.0	2896679212.0	3000180750.0	3218316013.0	3155065488.0	NULL
7	Arab World	816039000000.0	798525000000.0	803142000000.0	887874000000.0	1056270000000.0	1297920000000.0	1533190000000.0	1789560000000.0	2254220000000.0	1974360000000.0	2311240000000.0	2501780000000.0	2740550000000.0	2799580000000.0	2831680000000.0	2463580000000.0	2411980000000.0	2466440000000.0	2730780000000.0	2776470000000.0	2447580000000.0
8	United Arab Emirates	104337000000.0	103312000000.0	109816000000.0	124346000000.0	147824000000.0	180617000000.0	222117000000.0	257916000000.0	315475000000.0	253547000000.0	289787000000.0	350666000000.0	374591000000.0	390108000000.0	403137000000.0	358135000000.0	357045000000.0	385606000000.0	422215000000.0	417216000000.0	358869000000.0
9	Argentina	284204000000.0	268697000000.0	97724004252.0	127587000000.0	164658000000.0	198737000000.0	232557000000.0	287531000000.0	361558000000.0	332976000000.0	423627000000.0	530163000000.0	545982000000.0	552025000000.0	526320000000.0	594749000000.0	557531000000.0	643629000000.0	524820000000.0	451932000000.0	389288000000.0
10	Armenia	1911563669.0	2118467913.0	2376335048.0	2807061009.0	3576615240.0	4900469950.0	6384451606.0	9206301700.0	11662040714.0	8647936748.0	9260284938.0	10142111334.0	10619320049.0	11121465767.0	11609512940.0	10553337673.0	10546135160.0	11527458566.0	12457941907.0	13619291361.0	12641209802.0
11	American Samoa	NULL	NULL	512000000.0	524000000.0	509000000.0	500000000.0	493000000.0	518000000.0	560000000.0	675000000.0	573000000.0	570000000.0	640000000.0	638000000.0	643000000.0	673000000.0	671000000.0	612000000.0	639000000.0	648000000.0	709000000.0
12	Antigua and Barbuda	826370370.4	800481481.5	814381481.5	856396296.3	919729629.6	1022962963.0	1157662963.0	1312759259.0	1370070370.0	1228329630.0	1148700000.0	1137637037.0	1199948148.0	1181448148.0	1249733333.0	1336692593.0	1436585185.0	1467977778.0	1605944444.0	1687533333.0	1370281481.0
13	Australia	415576000000.0	379084000000.0	395343000000.0	467391000000.0	614166000000.0	695075000000.0	747556000000.0	853955000000.0	1055130000000.0	928043000000.0	1147590000000.0	1397910000000.0	1546510000000.0	1576340000000.0	1467500000000.0	1350530000000.0	1206690000000.0	1326880000000.0	1428530000000.0	1391950000000.0	1327840000000.0
14	Austria	197290000000.0	197509000000.0	214395000000.0	262274000000.0	301458000000.0	316092000000.0	336280000000.0	389186000000.0	432052000000.0	401759000000.0	392275000000.0	431685000000.0	409402000000.0	430191000000.0	442585000000.0	381971000000.0	395837000000.0	417261000000.0	455168000000.0	445012000000.0	433258000000.0
15	Azerbaijan	5272798391.0	5707720391.0	6235856820.0	7276753895.0	8680370408.0	13245716099.0	20982986344.0	33050343783.0	48852482960.0	44291490421.0	52909294792.0	65951627200.0	69683935845.0	74164435946.0	75244294275.0	53074370486.0	37867518957.0	40865558912.0	47112941176.0	48174235294.0	42607176471.0
16	Burundi	870486065.9	876794723.1	825394490.2	784654423.6	915257323.4	1117113046.0	1273375020.0	1356199365.0	1611835902.0	1781455092.0	2032135247.0	2235820868.0	2333308099.0	2451625333.0	2705783272.0	3104394858.0	2732808557.0	2748180474.0	2668495743.0	2631434363.0	2841786382.0
17	Belgium	236792000000.0	236746000000.0	258384000000.0	318083000000.0	369215000000.0	385715000000.0	408260000000.0	470922000000.0	517328000000.0	483254000000.0	481421000000.0	523330000000.0	496153000000.0	521791000000.0	535390000000.0	462336000000.0	476063000000.0	502765000000.0	543274000000.0	535289000000.0	521861000000.0
18	Benin	3519991326.0	3666222600.0	4194342849.0	5349258334.0	6190270756.0	6567654494.0	7034111651.0	8169048690.0	9787735426.0	9738626993.0	9535344283.0	10693321954.0	11141358945.0	12517845732.0	13284528654.0	11388160958.0	11821066153.0	12701654743.0	14262407012.0	14391686633.0	15651545332.0
19	Burkina Faso	2968369991.0	3190371050.0	3622350204.0	4740768355.0	5451688868.0	6146352742.0	6547420134.0	7625723124.0	9451436359.0	9450697336.0	10109618964.0	12080296644.0	12561016091.0	13444301139.0	13943016924.0	11832159276.0	12833363370.0	14106956830.0	15890065020.0	16178162030.0	17933606353.0
20	Bangladesh	53369787319.0	53991289844.0	54724081491.0	60158929188.0	65108544250.0	69442943089.0	71819083684.0	79611888213.0	91631278239.0	102478000000.0	115279000000.0	128638000000.0	133356000000.0	149990000000.0	172885000000.0	195079000000.0	221415000000.0	249711000000.0	274039000000.0	302571000000.0	323057000000.0
21	Bulgaria	13245833844.0	14183497963.0	16402846413.0	21144983552.0	26157894737.0	29869283400.0	34379808889.0	44405101470.0	54438966420.0	52023504656.0	50682061053.0	57678241024.0	54300857424.0	55810138436.0	57082011260.0	50781996713.0	53953897624.0	59199447421.0	66363422450.0	68915416142.0	69889347433.0
22	Bahrain	9062898936.0	8976196809.0	9593510638.0	11074813830.0	13150159574.0	15968723404.0	18504760638.0	21730000000.0	25710904255.0	22938218085.0	25713271277.0	28776595745.0	30749308511.0	32539468085.0	33387712766.0	31050638298.0	32234973404.0	35473776596.0	37801462766.0	38652579787.0	34729228723.0
23	Bahamas, The	8076470000.0	8317830000.0	8881160000.0	8870090000.0	9055290000.0	9836200000.0	10167250000.0	10618340000.0	10526000000.0	9981960000.0	10095760000.0	10070450000.0	10720500000.0	10494600000.0	11142900000.0	11890600000.0	11992600000.0	12359700000.0	12837800000.0	13164400000.0	9907500000.0
24	Bosnia and Herzegovina	5567405599.0	5800774717.0	6728771314.0	8498560902.0	10157553968.0	11222953335.0	12864610863.0	15778767411.0	19112739398.0	17613836527.0	17176781046.0	18644723854.0	17221192466.0	18172335776.0	18560861389.0	16219819017.0	16914287349.0	18079075771.0	20177409351.0	20201323260.0	19946496563.0
25	Belarus	12736856828.0	12354820144.0	14594249023.0	17827791321.0	23144351852.0	30207567317.0	36954312354.0	45277399814.0	60763483146.0	50874078052.0	57222490769.0	61757788945.0	65685102555.0	75527984234.0	78813839984.0	56454734397.0	47722657821.0	54726595249.0	60031262269.0	64409647194.0	60258239056.0
26	Belize	832072450.0	868358750.0	925197950.0	983575600.0	1051386600.0	1102564900.0	1210603750.0	1271598050.0	1351338650.0	1317309450.0	1377177100.0	1460797903.0	1522897506.0	1579411253.0	1667335061.0	1721700991.0	1789304088.0	1858529677.0	1915899787.0	1982518541.0	1636280797.0
27	Bermuda	3480219000.0	3680483000.0	3937228000.0	4186525000.0	4484703000.0	4868136000.0	6144000000.0	6767000000.0	6980000000.0	6656000000.0	6634526000.0	6312691000.0	6378188000.0	6465756000.0	6413988000.0	6654541000.0	6899911000.0	7142316000.0	7224329000.0	7484113000.0	6842700000.0
28	Bolivia	8397912509.0	8141537938.0	7905485216.0	8082364868.0	8773451739.0	9549077869.0	11451869165.0	13120183157.0	16674324634.0	17339992165.0	19649631314.0	23963033431.0	27084497483.0	30659338880.0	32996188013.0	33000198248.0	33941126200.0	37508642165.0	40287647930.0	40895322844.0	36572764863.0
29	Brazil	655448000000.0	559984000000.0	509795000000.0	558234000000.0	669289000000.0	891634000000.0	1107630000000.0	1397110000000.0	1695860000000.0	1667000000000.0	2208840000000.0	2616160000000.0	2465230000000.0	2472820000000.0	2456040000000.0	1802210000000.0	1795690000000.0	2063510000000.0	1916930000000.0	1877820000000.0	1444730000000.0
30	Barbados	3059500000.0	3054500000.0	3106500000.0	3209500000.0	3444500000.0	3819500000.0	4217500000.0	4674000000.0	4785000000.0	4465500000.0	4530000000.0	4657500000.0	4610000000.0	4677000000.0	4696500000.0	4715000000.0	4830000000.0	4978000000.0	5086500000.0	5209000000.0	4418000000.0
31	Brunei Darussalam	6001153306.0	5601090584.0	5843329108.0	6557333085.0	7872333215.0	9531402848.0	11470703002.0	12247694247.0	14393099069.0	10732366286.0	13707370737.0	18525319978.0	19047940301.0	18093829923.0	17098342541.0	12930394938.0	11400854268.0	12128104859.0	13567351175.0	13469422959.0	12005825770.0
32	Bhutan	424464089.9	461444513.7	520849551.5	604041957.9	682523857.0	796938120.2	874989895.6	1168308517.0	1227808791.0	1234014292.0	1547991318.0	1777101317.0	1781281282.0	1756215665.0	1907090813.0	2003598213.0	2158972129.0	2450364928.0	2446866405.0	2535657069.0	2315437338.0
33	Botswana	5788329609.0	5489608300.0	5438857107.0	7511582173.0	8957467707.0	9918907108.0	10137883299.0	10939053365.0	10945070442.0	10267133178.0	12786654498.0	15351972361.0	14380004175.0	14901750991.0	15654660710.0	13578754072.0	15082578065.0	16088437675.0	16914245098.0	16593720656.0	15061922802.0
34	Central African Republic	914500299.1	931833302.8	991387870.1	1139754799.0	1270080251.0	1337362392.0	1460561215.0	1697565949.0	1985240986.0	2059094048.0	2142591376.0	2437982840.0	2510126699.0	1691544192.0	1894813505.0	1695825708.0	1825018191.0	2072349794.0	2220978978.0	2220307369.0	2380087758.0
35	Canada	744773000000.0	738982000000.0	760649000000.0	895541000000.0	1026690000000.0	1173110000000.0	1319260000000.0	1468820000000.0	1552990000000.0	1374630000000.0	1617340000000.0	1793330000000.0	1828370000000.0	1846600000000.0	1805750000000.0	1556510000000.0	1527990000000.0	1649270000000.0	1725330000000.0	1742020000000.0	1645420000000.0
36	Central Europe and the Baltics	428307000000.0	468825000000.0	528393000000.0	634139000000.0	763216000000.0	886850000000.0	1002930000000.0	1266810000000.0	1532960000000.0	1290900000000.0	1318170000000.0	1449340000000.0	1353320000000.0	1422760000000.0	1465930000000.0	1293060000000.0	1321560000000.0	1464530000000.0	1645460000000.0	1673860000000.0	1653250000000.0
37	Switzerland	279841000000.0	287227000000.0	310176000000.0	363063000000.0	405531000000.0	420545000000.0	443802000000.0	493537000000.0	570304000000.0	558200000000.0	603434000000.0	722038000000.0	692110000000.0	712748000000.0	734397000000.0	702150000000.0	695601000000.0	704479000000.0	735539000000.0	731767000000.0	752248000000.0
38	Channel Islands	6439703435.0	6232906290.0	6663669065.0	7332244898.0	8553643354.0	8827272727.0	9676172953.0	11514605842.0	NULL	NULL	NULL	NULL	NULL	NULL	NULL	NULL	NULL	NULL	NULL	NULL	NULL
39	Chile	77860932152.0	70979923960.0	69736811435.0	75643459840.0	99210392858.0	122965000000.0	154788000000.0	173606000000.0	179638000000.0	172389000000.0	218538000000.0	252252000000.0	267122000000.0	278384000000.0	260542000000.0	243919000000.0	250440000000.0	277035000000.0	297572000000.0	279385000000.0	252940000000.0
40	China	1211350000000.0	1339400000000.0	1470550000000.0	1660290000000.0	1955350000000.0	2285970000000.0	2752130000000.0	3550340000000.0	4594310000000.0	5101700000000.0	6087160000000.0	7551500000000.0	8532230000000.0	9570410000000.0	10475700000000.0	11061600000000.0	11233300000000.0	12310400000000.0	13894800000000.0	14279900000000.0	14722700000000.0
41	Cote d'Ivoire	16577533355.0	16810536884.0	18054384023.0	21251755294.0	23510577108.0	24036917017.0	25281414473.0	28760092035.0	34078243426.0	33886814907.0	34936305297.0	36693712825.0	36302305578.0	42760237561.0	48843008580.0	45814637971.0	47964234560.0	51588158718.0	58011466451.0	58539424930.0	61348579465.0
42	Cameroon	10566578953.0	10953485244.0	12417251816.0	15970315751.0	18826215278.0	19509850837.0	20910513975.0	23928251334.0	27715144580.0	27932971683.0	27507499709.0	30630912185.0	30155064574.0	33728622819.0	36386546918.0	32210232912.0	33814337900.0	36098550142.0	39973839065.0	39670977333.0	40804449726.0
43	Congo, Dem. Rep.	19088046306.0	7438189100.0	8728038525.0	8937567060.0	10297483481.0	11964484668.0	14451902468.0	16737071816.0	19788515874.0	18648373312.0	21565720044.0	25839749199.0	29306235826.0	32679745298.0	35909040266.0	37917704900.0	37134799975.0	38019265626.0	47146004587.0	50400747050.0	48716960860.0
44	Congo, Rep.	3227927593.0	2796704577.0	3034251042.0	3503723245.0	4656975223.0	6647357442.0	8065134528.0	8771102025.0	11602893043.0	9684321633.0	13135580695.0	15634897273.0	17693924573.0	17953617927.0	17889079958.0	11885478502.0	10215989995.0	11090177747.0	13670036996.0	12750339023.0	10187122341.0
45	Colombia	99886577331.0	98211749596.0	97963003805.0	94641378693.0	117082000000.0	145619000000.0	161619000000.0	206182000000.0	242187000000.0	232398000000.0	286563000000.0	334944000000.0	370921000000.0	382116000000.0	381112000000.0	293482000000.0	282825000000.0	311884000000.0	334198000000.0	323430000000.0	271438000000.0
46	Comoros	351136568.4	378512003.4	425964697.4	546885185.0	633706149.3	653845122.9	698431827.7	795673128.5	915659192.8	905341090.6	907978723.5	1023086184.0	1015843369.0	1116224161.0	1149587652.0	966029542.0	1012835518.0	1077439663.0	1188797575.0	1192559739.0	1235400352.0
47	Cabo Verde	539227277.6	563024383.3	620974660.2	813963830.2	924318490.8	971977088.2	1107891063.0	1513933983.0	1789333749.0	1711817182.0	1664310770.0	1865915544.0	1741809809.0	1850470042.0	1859898513.0	1596800287.0	1662998678.0	1768319144.0	1966503223.0	1981845741.0	1703698677.0
48	Costa Rica	15013629659.0	15976174337.0	16578820687.0	17271760507.0	18610594846.0	20040642477.0	22715540324.0	26884700345.0	30801744881.0	30745712007.0	37658614803.0	42762617082.0	47231651863.0	50949672206.0	52016408951.0	56441917653.0	58847016045.0	60516043590.0	62420165100.0	64072870932.0	61846895121.0
49	Caribbean small states	34218221461.0	35249133311.0	36990732762.0	39545920854.0	43259612458.0	48918948094.0	55671360538.0	61875369660.0	70340114413.0	59411440870.0	64524447018.0	69668271733.0	72051115324.0	73345409464.0	74470922980.0	73243299833.0	69598702058.0	71693634217.0	75312833438.0	76173669481.0	66039332389.0
50	Cuba	30565400000.0	31682400000.0	33590500000.0	35901200000.0	38203000000.0	42643836100.0	52742800000.0	58603900000.0	60806300000.0	62080000000.0	64328000000.0	68990000000.0	73141000000.0	77148000000.0	80656000000.0	87133000000.0	91370000000.0	96851000000.0	100050000000.0	103428000000.0	107352000000.0
51	Curacao	NULL	NULL	NULL	NULL	NULL	NULL	NULL	NULL	NULL	NULL	NULL	3038699609.0	3131096089.0	3147616201.0	3158406034.0	3151910782.0	3122287933.0	3116610112.0	3127908045.0	3101787709.0	2595821709.0
52	Cayman Islands	NULL	NULL	NULL	NULL	NULL	NULL	4200439458.0	4466438858.0	4586114125.0	4281868715.0	4156990760.0	4186223809.0	4291159006.0	4405954638.0	4563017881.0	4708336733.0	4909498980.0	5166467299.0	5522625585.0	5935769351.0	5591623665.0
53	Cyprus	9985844486.0	10397897086.0	11420227885.0	14547325028.0	17320552500.0	18433411267.0	20072786351.0	23968764030.0	27844698989.0	25945391775.0	25732432719.0	27565469098.0	24978513427.0	23900872626.0	23156850007.0	19842404305.0	20953442550.0	22870833710.0	25522671233.0	25758357775.0	24612646488.0
54	Czech Republic	61828166496.0	67808032980.0	82196001051.0	100090000000.0	119814000000.0	137143000000.0	156264000000.0	190184000000.0	236816000000.0	207434000000.0	209070000000.0	229563000000.0	208858000000.0	211686000000.0	209359000000.0	188033000000.0	196272000000.0	218629000000.0	248950000000.0	252498000000.0	245339000000.0
55	Germany	1947980000000.0	1945790000000.0	2078480000000.0	2501640000000.0	2814350000000.0	2846860000000.0	2994700000000.0	3425580000000.0	3745260000000.0	3411260000000.0	3399670000000.0	3749310000000.0	3527140000000.0	3733800000000.0	3889090000000.0	3357590000000.0	3469850000000.0	3690850000000.0	3977290000000.0	3888330000000.0	3846410000000.0
56	Djibouti	551230861.9	572417440.8	591122039.6	622044665.5	666072101.8	708633194.7	768873684.0	847918929.1	999105339.3	1049110685.0	1128611700.0	1239144502.0	1353632942.0	2042817163.0	2214679081.0	2430274292.0	2603540257.0	2751445574.0	3012803457.0	3324615549.0	3384385217.0
57	Dominica	333470370.4	340203703.7	333196296.3	343311111.1	367200000.0	364255555.6	390251851.9	421374074.1	458188888.9	489074074.1	493825925.9	501025925.9	485996296.3	498296296.3	520207407.4	540737037.0	576229629.6	519837037.0	550622222.2	611537037.0	504214814.8
58	Denmark	164159000000.0	164791000000.0	178635000000.0	218096000000.0	251373000000.0	264467000000.0	282885000000.0	319423000000.0	353361000000.0	321241000000.0	321995000000.0	344003000000.0	327149000000.0	343584000000.0	352994000000.0	302673000000.0	313116000000.0	332121000000.0	356841000000.0	347561000000.0	356085000000.0
59	Dominican Republic	24305717542.0	25601765401.0	27137508657.0	21403167848.0	22322395368.0	35777570136.0	37879869898.0	43965420072.0	48122547177.0	48261033298.0	53860175556.0	58029750746.0	60681537196.0	62682163837.0	67179914027.0	71164825257.0	75704720190.0	79997975622.0	85555378043.0	88941299734.0	78844702329.0
60	Algeria	54790392746.0	54744712815.0	56760355865.0	67863828413.0	85332581189.0	103198000000.0	117027000000.0	134977000000.0	171001000000.0	137211000000.0	161207000000.0	200013000000.0	209059000000.0	209755000000.0	213810000000.0	165979000000.0	160034000000.0	170097000000.0	174911000000.0	171767000000.0	145009000000.0
61	East Asia & Pacific (excluding high income)	1734540000000.0	1847320000000.0	2044200000000.0	2311610000000.0	2682210000000.0	3106710000000.0	3740560000000.0	4727620000000.0	5978670000000.0	6484360000000.0	7857940000000.0	9608210000000.0	10719100000000.0	11828300000000.0	12751200000000.0	13281200000000.0	13560200000000.0	14819300000000.0	16575000000000.0	17135400000000.0	17448900000000.0
62	Early-demographic dividend	3382440000000.0	3352800000000.0	3259890000000.0	3628140000000.0	4224830000000.0	4927040000000.0	5629130000000.0	6666490000000.0	7520370000000.0	7259980000000.0	8800250000000.0	9651880000000.0	10096200000000.0	10250900000000.0	10603400000000.0	10082400000000.0	10307800000000.0	11137600000000.0	11214800000000.0	11527300000000.0	10668200000000.0
63	East Asia & Pacific	8373290000000.0	7787150000000.0	7909720000000.0	8696410000000.0	9753660000000.0	10406200000000.0	11028200000000.0	12322000000000.0	14206700000000.0	14619500000000.0	17032300000000.0	19751900000000.0	21131800000000.0	21367600000000.0	22038400000000.0	21951400000000.0	22720700000000.0	24268500000000.0	26416300000000.0	26981500000000.0	27097400000000.0
64	Europe & Central Asia (excluding high income)	700114000000.0	695454000000.0	796769000000.0	1005020000000.0	1330990000000.0	1688050000000.0	2072080000000.0	2684050000000.0	3324690000000.0	2611900000000.0	3119370000000.0	3853330000000.0	4085330000000.0	4341020000000.0	4045790000000.0	3099130000000.0	2965860000000.0	3329880000000.0	3423990000000.0	3493930000000.0	3222400000000.0
65	Europe & Central Asia	10062600000000.0	10163000000000.0	11133500000000.0	13537500000000.0	15776900000000.0	16784500000000.0	18178400000000.0	21245700000000.0	23375300000000.0	20561100000000.0	21025800000000.0	23314100000000.0	22462300000000.0	23481200000000.0	23811800000000.0	20513300000000.0	20453700000000.0	21680100000000.0	23224000000000.0	22934000000000.0	22121600000000.0
66	Ecuador	18327764882.0	24468324000.0	28548945000.0	32432858000.0	36591661000.0	41507085000.0	46802044000.0	51007777000.0	61762635000.0	62519686000.0	69555367000.0	79276664000.0	87924544000.0	95129659000.0	101726000000.0	99290381000.0	99937696000.0	104296000000.0	107562000000.0	108108000000.0	98808010000.0
67	Egypt, Arab Rep.	99838543960.0	96684636119.0	85146067416.0	80288461538.0	78782467532.0	89600665557.0	107426000000.0	130438000000.0	162818000000.0	189147000000.0	218984000000.0	235990000000.0	279117000000.0	288434000000.0	305595000000.0	329367000000.0	332442000000.0	235734000000.0	249713000000.0	303081000000.0	365253000000.0
68	Euro area	6495500000000.0	6596320000000.0	7199930000000.0	8862290000000.0	10160400000000.0	10523500000000.0	11184000000000.0	12879100000000.0	14158300000000.0	12938500000000.0	12641300000000.0	13637400000000.0	12638200000000.0	13195400000000.0	13508900000000.0	11674400000000.0	11972600000000.0	12677500000000.0	13698900000000.0	13413600000000.0	13021000000000.0
69	Eritrea	706370815.6	752368495.5	729321366.7	870247703.2	1109054005.0	1098425901.0	1211161880.0	1317974491.0	1380188800.0	1856695551.0	1589515447.0	2065001626.0	NULL	NULL	NULL	NULL	NULL	NULL	NULL	NULL	NULL
70	Spain	598363000000.0	627830000000.0	708757000000.0	907492000000.0	1069060000000.0	1153720000000.0	1260400000000.0	1474000000000.0	1631860000000.0	1491470000000.0	1422110000000.0	1480710000000.0	1324740000000.0	1355140000000.0	1371220000000.0	1195600000000.0	1232910000000.0	1312540000000.0	1420990000000.0	1393050000000.0	1281480000000.0
71	Estonia	5686579748.0	6254649539.0	7367975888.0	9874013098.0	12145911801.0	14106790200.0	17022870405.0	22449129483.0	24341678629.0	19633031398.0	19523477326.0	23213994093.0	23019150071.0	25115753366.0	26634083965.0	22890762090.0	24072829277.0	26924385103.0	30489500905.0	31045591753.0	30650285472.0
72	Ethiopia	8242392104.0	8231326016.0	7850809498.0	8623691300.0	10131187261.0	12401139454.0	15280861835.0	19707616773.0	27066912635.0	32437389116.0	29933790334.0	31952763089.0	43310721414.0	47648211133.0	55612228234.0	64589334979.0	74296618481.0	81770791971.0	84269348327.0	95912590628.0	107645000000.0
73	European Union	7276100000000.0	7393820000000.0	8083840000000.0	9931880000000.0	11419000000000.0	11910800000000.0	12713900000000.0	14728800000000.0	16297600000000.0	14763800000000.0	14557600000000.0	15759500000000.0	14636200000000.0	15299700000000.0	15652100000000.0	13551900000000.0	13893300000000.0	14766000000000.0	15978200000000.0	15689400000000.0	15291900000000.0
74	Fragile and conflict affected situations	501197000000.0	493643000000.0	480158000000.0	497905000000.0	626603000000.0	785464000000.0	968117000000.0	1181890000000.0	1508650000000.0	1439290000000.0	1689110000000.0	1539480000000.0	1738130000000.0	1806530000000.0	1958700000000.0	1560340000000.0	1407790000000.0	1440150000000.0	1572830000000.0	1661770000000.0	1508640000000.0
75	Finland	126020000000.0	129533000000.0	140404000000.0	171652000000.0	197479000000.0	204885000000.0	217089000000.0	256378000000.0	285716000000.0	253498000000.0	249424000000.0	275604000000.0	258290000000.0	271362000000.0	274863000000.0	234534000000.0	240771000000.0	255648000000.0	275715000000.0	268508000000.0	269595000000.0
76	Fiji	1678239218.0	1652464201.0	1833279985.0	2300453634.0	2708078477.0	2980484920.0	3076305453.0	3378314600.0	3523185920.0	2870624636.0	3140508836.0	3774530616.0	3972012571.0	4190143206.0	4856963230.0	4682546863.0	4930204230.0	5353404422.0	5581371848.0	5496264766.0	4533883782.0
77	France	1365640000000.0	1377660000000.0	1501410000000.0	1844540000000.0	2119630000000.0	2196950000000.0	2320540000000.0	2660590000000.0	2930300000000.0	2700890000000.0	2645190000000.0	2865160000000.0	2683670000000.0	2811880000000.0	2855960000000.0	2439190000000.0	2472960000000.0	2595150000000.0	2790960000000.0	2728870000000.0	2630320000000.0
78	Faroe Islands	1058702725.0	1147654635.0	1262669892.0	1494011567.0	1688237552.0	1727792693.0	1984445416.0	2290133549.0	2432415998.0	2268387771.0	2320424601.0	2490807831.0	2366301252.0	2627049837.0	2850743875.0	2518096286.0	2738832687.0	2899226098.0	3051341336.0	3126293220.0	NULL
79	Micronesia, Fed. Sts.	233271800.0	240970900.0	242517200.0	245432900.0	240236000.0	250281900.0	253541900.0	256787200.0	263145100.0	280284600.0	296944100.0	311301600.0	327248700.0	317214400.0	319271200.0	316489900.0	332265200.0	366666800.0	401932300.0	408057100.0	410083600.0
80	Gabon	5080483464.0	5023265365.0	5335451308.0	6511903657.0	7770219480.0	9582783318.0	10327598801.0	12455410056.0	15571349776.0	12113699661.0	14372591916.0	18210308748.0	17170465294.0	17595745653.0	18203968002.0	14383107714.0	14023890620.0	14929488771.0	16867325127.0	16874405840.0	15316826192.0
81	United Kingdom	1662130000000.0	1643910000000.0	1784080000000.0	2057090000000.0	2421810000000.0	2544830000000.0	2717060000000.0	3106180000000.0	2938880000000.0	2425800000000.0	2491110000000.0	2674890000000.0	2719160000000.0	2803290000000.0	3087170000000.0	2956570000000.0	2722850000000.0	2699020000000.0	2900790000000.0	2878670000000.0	2759800000000.0
82	Georgia	3057475289.0	3219488664.0	3395728014.0	3991284895.0	5125365192.0	6410823633.0	7745394293.0	10172882371.0	12795076469.0	10766836277.0	12243505583.0	15107441447.0	16488403076.0	17189551521.0	17627003455.0	14953950557.0	15141758567.0	16242916916.0	17599700091.0	17477255562.0	15846489611.0
83	Ghana	4983024408.0	5314909954.0	6166330136.0	7632406553.0	8881368538.0	10744675210.0	20440893017.0	24827844950.0	28678701891.0	26048108185.0	32197272797.0	39337314810.0	41270954737.0	62823043706.0	54782847753.0	49406568433.0	56165172899.0	60406382899.0	67299280680.0	68337537816.0	68532281806.0
84	Gibraltar	NULL	NULL	NULL	NULL	NULL	NULL	NULL	NULL	NULL	NULL	NULL	NULL	NULL	NULL	NULL	NULL	NULL	NULL	NULL	NULL	NULL
85	Guinea	2995361141.0	2829435957.0	2950198649.0	3446441698.0	3635458133.0	2937071767.0	4220019243.0	6281917656.0	6964179194.0	6716904569.0	6853467858.0	6785137173.0	7638045254.0	8376613843.0	8778473615.0	8794202444.0	8595955581.0	10324668267.0	11857030337.0	13513809258.0	15681050917.0
86	Gambia, The	782915402.4	687408804.6	578236035.1	487038821.6	961900106.9	1027702254.0	1054113427.0	1279704745.0	1561763437.0	1450140386.0	1543292393.0	1409694554.0	1415006238.0	1375608956.0	1229460602.0	1378176868.0	1484579844.0	1504909753.0	1670670669.0	1812529105.0	1868086275.0
87	Guinea-Bissau	371095510.0	392621385.9	417806667.1	477458598.7	532062927.4	587029054.4	592365688.1	696910810.9	868154708.5	830126470.0	849878424.2	1099818652.0	989271229.6	1046087418.0	1054915645.0	1048229629.0	1179004941.0	1350177128.0	1504630121.0	1439638443.0	1431758243.0
88	Equatorial Guinea	1045998496.0	1461139022.0	1806742742.0	2484745935.0	4410764339.0	8217369093.0	10086528699.0	13071718759.0	19749893536.0	15027795173.0	16314443429.0	21357343682.0	22388344124.0	21948834290.0	21765453087.0	13185496881.0	11240808847.0	12200913888.0	13097012189.0	11417278045.0	10021856754.0
89	Greece	130458000000.0	136309000000.0	154564000000.0	202370000000.0	240964000000.0	247875000000.0	273547000000.0	318903000000.0	355909000000.0	331309000000.0	297125000000.0	282996000000.0	242029000000.0	238908000000.0	235458000000.0	195684000000.0	193148000000.0	199844000000.0	212049000000.0	205144000000.0	188835000000.0
90	Grenada	520044370.4	520444185.2	540336925.9	591018407.4	599118592.6	695555555.6	698700666.7	758683592.6	825976037.0	771275555.6	771013259.3	778655925.9	799882259.3	842620111.1	911497407.4	997007925.9	1061640741.0	1125685185.0	1166523556.0	1212694407.0	1042100556.0
91	Greenland	1068030830.0	1086172923.0	1169138789.0	1558753434.0	1822486689.0	1849805733.0	2013099482.0	2249811709.0	2499107511.0	2529948330.0	2503156061.0	2684467376.0	2609667674.0	2684952727.0	2842048998.0	2499115623.0	2707146783.0	2851610656.0	3040414278.0	2982247279.0	NULL
92	Guatemala	19288827159.0	18405203853.0	20444205991.0	21576351799.0	23577286227.0	26783543667.0	29744368111.0	33567868323.0	38503862831.0	37125943565.0	40676432029.0	46876114650.0	49593961142.0	52996540704.0	57852399964.0	62186186576.0	66053725049.0	71654134379.0	73208583759.0	77020015201.0	77604632171.0
93	Guam	NULL	NULL	3394000000.0	3569000000.0	3869000000.0	4213000000.0	4238000000.0	4397000000.0	4658000000.0	4828000000.0	4949000000.0	4984000000.0	5265000000.0	5399000000.0	5610000000.0	5799000000.0	5901000000.0	6013000000.0	6060000000.0	6364000000.0	5844000000.0
94	Guyana	712667896.7	712167575.6	726131434.7	743064076.8	787814379.2	824880550.3	2379818383.0	2730971150.0	3025187924.0	3165663153.0	3432913073.0	3691384318.0	4063089192.0	4167800259.0	4127659492.0	4279840194.0	4482697337.0	4748174334.0	4787636237.0	5173760192.0	5471256595.0
95	High income	27706200000000.0	27425500000000.0	28601600000000.0	32048800000000.0	35670900000000.0	37709100000000.0	39822500000000.0	43544100000000.0	46327000000000.0	43440700000000.0	45501300000000.0	49127200000000.0	49158400000000.0	49754600000000.0	50854100000000.0	48060600000000.0	49104300000000.0	51348400000000.0	54564200000000.0	55045600000000.0	53461100000000.0
96	Hong Kong SAR, China	171668000000.0	169403000000.0	166349000000.0	161385000000.0	169100000000.0	181570000000.0	193536000000.0	211597000000.0	219280000000.0	214046000000.0	228638000000.0	248514000000.0	262629000000.0	275697000000.0	291459000000.0	309384000000.0	320838000000.0	341244000000.0	361692000000.0	363016000000.0	346586000000.0
97	Honduras	7103826902.0	7565854724.0	7775251510.0	8140278401.0	8772169959.0	9672023050.0	10841724917.0	12275500116.0	13789443623.0	14486159608.0	15729649159.0	17588098575.0	18400538859.0	18372173381.0	19618567250.0	20833948800.0	21566622850.0	22975415842.0	23900438564.0	24915522849.0	23662231634.0
98	Heavily indebted poor countries (HIPC)	176406000000.0	171488000000.0	184613000000.0	208996000000.0	240918000000.0	276870000000.0	326490000000.0	391470000000.0	465550000000.0	464073000000.0	504925000000.0	559477000000.0	579142000000.0	650021000000.0	687772000000.0	660138000000.0	668494000000.0	720194000000.0	768422000000.0	789832000000.0	797697000000.0
99	Croatia	21839780971.0	23273640257.0	27074550258.0	34985749883.0	41958833541.0	45780237257.0	50860788253.0	60542673503.0	70750646248.0	63084004705.0	60426018629.0	63169910822.0	57192346923.0	58889082315.0	58330289757.0	50163192883.0	52295158344.0	56214427431.0	62247874949.0	62246206341.0	57203783203.0
100	Haiti	6813577558.0	6331961555.0	6058134467.0	4826827577.0	6036959915.0	7184064657.0	7518107787.0	9522763154.0	10485225353.0	11597014807.0	11859315079.0	13008754111.0	13708926466.0	14902474091.0	15139264670.0	14833154472.0	13987693739.0	15035560373.0	16455034353.0	14785839383.0	14508218017.0
101	Hungary	47218405892.0	53749989092.0	67608919144.0	85302003908.0	104141000000.0	113237000000.0	115751000000.0	140228000000.0	158374000000.0	131114000000.0	132231000000.0	142000000000.0	128857000000.0	135733000000.0	141079000000.0	125210000000.0	128636000000.0	143136000000.0	160587000000.0	163526000000.0	155808000000.0
102	IBRD only	5850630000000.0	5922390000000.0	6012380000000.0	6759360000000.0	8057540000000.0	9634690000000.0	11421600000000.0	14191900000000.0	17033100000000.0	16524600000000.0	20069200000000.0	23696100000000.0	25189100000000.0	26606900000000.0	27504300000000.0	25777900000000.0	25985800000000.0	28680100000000.0	30478900000000.0	31184100000000.0	29900600000000.0
103	IDA & IBRD total	6385860000000.0	6460810000000.0	6589850000000.0	7401880000000.0	8813950000000.0	10519400000000.0	12476900000000.0	15427900000000.0	18509300000000.0	17986900000000.0	21735600000000.0	25368700000000.0	26954700000000.0	28527600000000.0	29559200000000.0	27795200000000.0	27944100000000.0	30704500000000.0	32623800000000.0	33422600000000.0	32139300000000.0
104	IDA total	535655000000.0	538783000000.0	578491000000.0	643576000000.0	757523000000.0	885740000000.0	1056640000000.0	1236580000000.0	1476740000000.0	1462900000000.0	1666850000000.0	1672510000000.0	1765430000000.0	1920730000000.0	2054960000000.0	2016490000000.0	1958090000000.0	2025490000000.0	2146130000000.0	2239340000000.0	2239420000000.0
105	IDA blend	206705000000.0	206387000000.0	228079000000.0	256458000000.0	312115000000.0	373174000000.0	466905000000.0	538453000000.0	639782000000.0	606747000000.0	709848000000.0	814198000000.0	900517000000.0	977961000000.0	1049230000000.0	1011430000000.0	942118000000.0	925119000000.0	966188000000.0	998391000000.0	961669000000.0
106	Indonesia	165021000000.0	160447000000.0	195661000000.0	234772000000.0	256837000000.0	285869000000.0	364571000000.0	432217000000.0	510229000000.0	539580000000.0	755094000000.0	892969000000.0	917870000000.0	912524000000.0	890815000000.0	860854000000.0	931877000000.0	1015620000000.0	1042270000000.0	1119090000000.0	1058420000000.0
107	IDA only	329946000000.0	333462000000.0	351287000000.0	388011000000.0	446160000000.0	513203000000.0	589855000000.0	698503000000.0	837509000000.0	856827000000.0	957678000000.0	858491000000.0	864900000000.0	942771000000.0	1005730000000.0	1005060000000.0	1015970000000.0	1100370000000.0	1179940000000.0	1240940000000.0	1278440000000.0
108	Isle of Man	1563667800.0	1659131244.0	1947332922.0	2328658228.0	2822358473.0	3032400000.0	3422651334.0	4466100440.0	5928420956.0	5487083658.0	5920177689.0	6566098382.0	6690725118.0	7000748788.0	7708834951.0	7085288006.0	6846691871.0	6979581725.0	7491969313.0	7315388052.0	NULL
109	India	468395000000.0	485441000000.0	514938000000.0	607699000000.0	709149000000.0	820382000000.0	940260000000.0	1216740000000.0	1198900000000.0	1341890000000.0	1675620000000.0	1823050000000.0	1827640000000.0	1856720000000.0	2039130000000.0	2103590000000.0	2294800000000.0	2651470000000.0	2701110000000.0	2870500000000.0	2660250000000.0
110	Not classified	NULL	NULL	NULL	NULL	NULL	NULL	NULL	NULL	NULL	NULL	NULL	NULL	NULL	NULL	NULL	NULL	NULL	NULL	NULL	NULL	NULL
111	Ireland	100208000000.0	109347000000.0	128596000000.0	164671000000.0	194372000000.0	211877000000.0	232181000000.0	270079000000.0	275447000000.0	236443000000.0	221876000000.0	238976000000.0	225497000000.0	238279000000.0	258970000000.0	291580000000.0	298928000000.0	335431000000.0	385042000000.0	399122000000.0	425889000000.0
112	Iran, Islamic Rep.	109592000000.0	126879000000.0	128627000000.0	153545000000.0	190043000000.0	226452000000.0	266299000000.0	349882000000.0	412336000000.0	416397000000.0	486808000000.0	580765000000.0	598868000000.0	460293000000.0	432687000000.0	384951000000.0	417984000000.0	445345000000.0	294357000000.0	258245000000.0	203471000000.0
113	Iraq	48364250944.0	36176430129.0	32928454672.0	21921569479.0	36627901762.0	49954890353.0	65140147197.0	88837055195.0	131614000000.0	111658000000.0	138517000000.0	185750000000.0	218002000000.0	234638000000.0	228416000000.0	166774000000.0	166602000000.0	187218000000.0	227367000000.0	235097000000.0	166757000000.0
114	Iceland	9025660362.0	8234846805.0	9318395055.0	11429333038.0	13825302536.0	16852963067.0	17465318552.0	21652505597.0	18074622987.0	13154414219.0	13751161918.0	15221622926.0	14751508134.0	16125060515.0	17867662178.0	17517210519.0	20793168031.0	24728285177.0	26267063758.0	24857740445.0	21718075725.0
115	Israel	132456000000.0	130816000000.0	121148000000.0	127047000000.0	135571000000.0	142657000000.0	154145000000.0	179162000000.0	216712000000.0	207953000000.0	234655000000.0	262294000000.0	258417000000.0	294167000000.0	310945000000.0	300078000000.0	319024000000.0	355277000000.0	373641000000.0	397935000000.0	407101000000.0
116	Italy	1146680000000.0	1168020000000.0	1276770000000.0	1577620000000.0	1806540000000.0	1858220000000.0	1949550000000.0	2213100000000.0	2408660000000.0	2199930000000.0	2136100000000.0	2294990000000.0	2086960000000.0	2141920000000.0	2162010000000.0	1836640000000.0	1877070000000.0	1961800000000.0	2091930000000.0	2009380000000.0	1888710000000.0
117	Jamaica	9005064475.0	9194717836.0	9719017926.0	9430230564.0	10174664854.0	11243868486.0	11930171468.0	12799593018.0	13709402085.0	12120460873.0	13220556883.0	14444655300.0	14807086889.0	14264202737.0	13899228824.0	14188935948.0	14077109397.0	14808989993.0	15730793853.0	15830768550.0	13812425037.0
118	Jordan	8460424401.0	8975689845.0	9582453032.0	10195660790.0	11411390409.0	12588665303.0	15056929760.0	17110587447.0	22657662393.0	24537876056.0	27133804225.0	29524149155.0	31634561690.0	34454440141.0	36847643521.0	38587017887.0	39892551127.0	41408960845.0	42932112676.0	44502895915.0	43697659296.0
119	Japan	4968360000000.0	4374710000000.0	4182850000000.0	4519560000000.0	4893120000000.0	4831470000000.0	4601660000000.0	4579750000000.0	5106680000000.0	5289490000000.0	5759070000000.0	6233150000000.0	6272360000000.0	5212330000000.0	4896990000000.0	4444930000000.0	5003680000000.0	4930840000000.0	5036890000000.0	5148780000000.0	5057760000000.0
120	Kazakhstan	18291994909.0	22152694162.0	24636593223.0	30833699703.0	43151647003.0	57123671734.0	81003884545.0	104850000000.0	133442000000.0	115309000000.0	148047000000.0	192627000000.0	207999000000.0	236635000000.0	221416000000.0	184388000000.0	137278000000.0	166806000000.0	179340000000.0	181667000000.0	171082000000.0
121	Kenya	12705357103.0	12986007426.0	13147743911.0	14904517650.0	16095337094.0	18737897745.0	25825524821.0	31958195182.0	35895153328.0	42347217913.0	45405587557.0	46869457318.0	56396706006.0	61671425370.0	68285768554.0	70120413329.0	74815121315.0	82035800868.0	92202956321.0	100555000000.0	101014000000.0
122	Kyrgyz Republic	1369688498.0	1525116370.0	1605643105.0	1919008090.0	2211534585.0	2460248026.0	2834168889.0	3802566171.0	5139957785.0	4690062255.0	4794357795.0	6197766119.0	6605139933.0	7335027592.0	7468096567.0	6678178340.0	6813092066.0	7702934800.0	8271108638.0	8871026074.0	7735976273.0
123	Cambodia	3654031716.0	3984000517.0	4284028483.0	4658246918.0	5337833248.0	6293046162.0	7274595707.0	8639235842.0	10351914093.0	10401851851.0	11242275199.0	12829541141.0	14054443213.0	15227991395.0	16702610842.0	18049954289.0	20016747754.0	22177200512.0	24571753583.0	27089389787.0	25808561551.0
124	Kiribati	67254174.4	63101272.37	72196457.68	90231856.8	102367039.3	112133944.3	110234939.8	132671743.0	141042610.3	132419902.0	156120439.3	181705153.6	190243432.8	185114059.6	179703165.4	171117816.7	178328984.1	187276124.8	200157020.6	188391770.6	197508774.3
125	St. Kitts and Nevis	421695769.8	458643829.0	481077373.7	469869869.9	506900000.0	547203703.7	644411111.1	689285185.2	751233333.3	747862963.0	760170370.4	817759259.3	800414814.8	839770370.4	916566666.7	923155555.6	1008888889.0	1060740741.0	1078518519.0	1164814815.0	980740740.7
126	Korea, Rep.	576178000000.0	547658000000.0	627246000000.0	702717000000.0	793175000000.0	934901000000.0	1053220000000.0	1172610000000.0	1047340000000.0	943942000000.0	1144070000000.0	1253220000000.0	1278430000000.0	1370800000000.0	1484320000000.0	1465770000000.0	1500110000000.0	1623900000000.0	1724850000000.0	1651420000000.0	1637900000000.0
127	Kuwait	37712842243.0	34887512227.0	38137545245.0	47876510067.0	59439090601.0	80798630137.0	101549000000.0	114640000000.0	147395000000.0	105963000000.0	115419000000.0	154068000000.0	174070000000.0	174161000000.0	162631000000.0	114567000000.0	109420000000.0	120707000000.0	138182000000.0	136197000000.0	105960000000.0
128	Latin America & Caribbean (excluding high income)	1980740000000.0	1926200000000.0	1733180000000.0	1772950000000.0	2023140000000.0	2448530000000.0	2860980000000.0	3381170000000.0	3912380000000.0	3636580000000.0	4547390000000.0	5310060000000.0	5288240000000.0	5431530000000.0	5460420000000.0	4652920000000.0	4527260000000.0	5047190000000.0	4905600000000.0	4849400000000.0	4035270000000.0
129	Lao PDR	1731198022.0	1768619058.0	1758176653.0	2023324407.0	2366398120.0	2735558726.0	3455031448.0	4223152219.0	5446434032.0	5836138127.0	7131773633.0	8750107402.0	10192848926.0	11983252611.0	13279248479.0	14426381187.0	15912495369.0	17071162084.0	18141651381.0	18897252233.0	19132635712.0
130	Lebanon	17260364842.0	17649751244.0	19152238806.0	20082918740.0	21159827992.0	21497336499.0	22022709852.0	24827355015.0	29118916106.0	35399582929.0	38443907042.0	39927125961.0	44035991893.0	46909335551.0	48133414840.0	50065946086.0	51389318291.0	53324800959.0	55276157552.0	51953744507.0	31735217785.0
131	Liberia	874000000.0	906000000.0	927000000.0	748000000.0	897000000.0	949000000.0	1119000000.0	1373000000.0	1726000000.0	1768000000.0	1998000000.0	2398000000.0	2791614000.0	3177198100.0	3225652000.0	3227075700.0	3398419600.0	3390703400.0	3422754800.0	3319596500.0	3201187800.0
132	Libya	38270206950.0	34110064452.0	20481889764.0	26265625000.0	33122307692.0	47334148578.0	54961936663.0	67516236338.0	87140405361.0	63028320702.0	74773444901.0	34699395524.0	81873662519.0	65502870174.0	41142722414.0	27842131480.0	26197143268.0	37883243650.0	52607888718.0	52091152228.0	25418916029.0
133	St. Lucia	932592592.6	892592592.6	900000000.0	987407407.4	1066666667.0	1135555556.0	1268319185.0	1336088815.0	1437731111.0	1401507889.0	1486758037.0	1576988407.0	1605146778.0	1664816741.0	1755130815.0	1808079889.0	1865513444.0	1996771444.0	2065127259.0	2118791556.0	1616772741.0
134	Latin America & Caribbean	2291890000000.0	2242580000000.0	2013410000000.0	2054270000000.0	2367830000000.0	2863240000000.0	3355800000000.0	3953550000000.0	4594260000000.0	4318350000000.0	5353330000000.0	6086930000000.0	6150390000000.0	6303270000000.0	6426940000000.0	5370990000000.0	5249210000000.0	5830530000000.0	5703880000000.0	5627260000000.0	4725520000000.0
135	Least developed countries: UN classification	217451000000.0	212481000000.0	230496000000.0	258336000000.0	298737000000.0	353182000000.0	409584000000.0	491681000000.0	599822000000.0	597365000000.0	673060000000.0	775487000000.0	814940000000.0	893130000000.0	962577000000.0	945449000000.0	935520000000.0	1024560000000.0	1062300000000.0	1106430000000.0	1113400000000.0
136	Low income	188438000000.0	188241000000.0	201796000000.0	220518000000.0	258685000000.0	308438000000.0	357591000000.0	430718000000.0	515891000000.0	521887000000.0	578209000000.0	403962000000.0	384448000000.0	395478000000.0	423854000000.0	418166000000.0	387204000000.0	409138000000.0	425615000000.0	448440000000.0	459730000000.0
137	Liechtenstein	2483953103.0	2491822707.0	2688630823.0	3070691320.0	3454362686.0	3659251526.0	4000239273.0	4601299567.0	5081432924.0	4504549214.0	5082366478.0	5739977477.0	5456009385.0	6391735894.0	6657170923.0	6268391521.0	6237264055.0	6474256119.0	6839145107.0	6684443550.0	NULL
138	Sri Lanka	16330814180.0	15749753805.0	16536535647.0	18881765437.0	20662525941.0	24405791045.0	28279814925.0	32350248411.0	40713812310.0	42066217872.0	56725749222.0	65292753005.0	68434409315.0	74317806538.0	79356449841.0	80604080689.0	82401038710.0	87428128124.0	87963042341.0	83990946939.0	80676681934.0
139	Lower middle income	1507450000000.0	1541060000000.0	1647510000000.0	1893050000000.0	2196010000000.0	2552250000000.0	3026900000000.0	3716620000000.0	4209780000000.0	4277000000000.0	5200810000000.0	5935840000000.0	6230150000000.0	6343690000000.0	6596910000000.0	6458590000000.0	6737460000000.0	7246520000000.0	7346920000000.0	7735770000000.0	7384770000000.0
140	Low & middle income	6002720000000.0	6060720000000.0	6217670000000.0	7008870000000.0	8324110000000.0	9917140000000.0	11767700000000.0	14559700000000.0	17426900000000.0	17009100000000.0	20604900000000.0	24227100000000.0	25771500000000.0	27317500000000.0	28239000000000.0	26797200000000.0	26945300000000.0	29595900000000.0	31412400000000.0	32220200000000.0	30993200000000.0
141	Lesotho	887295267.9	825706961.2	775780697.7	1157832935.0	1511236656.0	1682350935.0	1800105590.0	1682016947.0	1766825413.0	1740830511.0	2234731974.0	2579421686.0	2477702253.0	2367113170.0	2441053176.0	2359759799.0	2114323794.0	2306843529.0	2514146888.0	2366213069.0	1875227642.0
142	Late-demographic dividend	3402990000000.0	3517510000000.0	3728450000000.0	4247320000000.0	5106710000000.0	6163040000000.0	7438170000000.0	9371320000000.0	11649100000000.0	11257200000000.0	13510500000000.0	16462600000000.0	17609800000000.0	18979100000000.0	19702300000000.0	18473200000000.0	18520500000000.0	20552500000000.0	22532200000000.0	22958600000000.0	22433400000000.0
143	Lithuania	11524776867.0	12237388002.0	14259781159.0	18781721376.0	22627507452.0	26097677572.0	30183575104.0	39697891352.0	47797551588.0	37388122046.0	37128694028.0	43535051482.0	42927454291.0	46523420074.0	48533659592.0	41435533340.0	43047309306.0	47758736932.0	53750911866.0	54697379017.0	56546957475.0
144	Luxembourg	21230182989.0	21387533703.0	23649833332.0	29667268248.0	35064843793.0	37672280120.0	42910146296.0	51587401416.0	58844277702.0	54467289898.0	56213985987.0	61696281326.0	59776383527.0	65203276467.0	68804811898.0	60071584216.0	62216885436.0	65712180343.0	71285019397.0	70195715496.0	73353132794.0
145	Latvia	7958852839.0	8362398702.0	9557031605.0	11771975157.0	14435700533.0	17003459863.0	21570076499.0	31054350978.0	35854274229.0	26410909091.0	23956163077.0	27474380566.0	28169902669.0	30204783462.0	31386896487.0	27263090547.0	28083597512.0	30483806018.0	34429023435.0	34308783825.0	33707320816.0
146	Macao SAR, China	6774193548.0	6860272608.0	7371723056.0	8246521717.0	10643215078.0	12160002996.0	14874147024.0	18439876056.0	21027044551.0	21587740942.0	28241858489.0	36845925519.0	43189526778.0	51536304808.0	54903031138.0	45047964934.0	45070605746.0	50440941939.0	55284360483.0	55204758070.0	25586111076.0
147	St. Martin (French part)	NULL	NULL	NULL	NULL	NULL	NULL	NULL	NULL	NULL	NULL	NULL	NULL	NULL	NULL	NULL	NULL	NULL	NULL	NULL	NULL	NULL
148	Morocco	38857251336.0	39459581217.0	42236836821.0	52064058834.0	59626020162.0	62343022651.0	68640825481.0	79041294874.0	92507257784.0	92897320376.0	93216746662.0	101370000000.0	98266306615.0	106826000000.0	110081000000.0	101180000000.0	103312000000.0	109683000000.0	118096000000.0	119870000000.0	114725000000.0
149	Monaco	2647885849.0	2718868306.0	2968987019.0	3601321065.0	4137913500.0	4203084194.0	4582988333.0	5867916781.0	6476490406.0	5451653237.0	5367625613.0	6088808463.0	5743029680.0	6555983530.0	7069616049.0	6261622101.0	6472990923.0	6431314957.0	7194024563.0	7383745662.0	6816219303.0
150	Moldova	1288429392.0	1480673594.0	1661818168.0	1980907435.0	2598249556.0	2988348836.0	3408244549.0	4401189466.0	6054849885.0	5439422031.0	6974960345.0	8414360656.0	8709165249.0	9496684701.0	9510219299.0	7745231660.0	8071480541.0	9669759987.0	11456728401.0	11970233940.0	11915547263.0
151	Madagascar	4629247091.0	5438332738.0	5351701534.0	6372498720.0	5064732716.0	5859269849.0	6395712392.0	8524620739.0	10725137931.0	9616879571.0	9982711338.0	11551819618.0	11578974888.0	12423555269.0	12522957228.0	11323020829.0	11848613735.0	13176313594.0	13760033097.0	14104664515.0	13056079982.0
152	Maldives	624337145.3	870030468.6	897031250.0	1052121055.0	1226829563.0	1163362438.0	1575200391.0	1868383461.0	2271646188.0	2345294875.0	2588176055.0	2774351760.0	2886170572.0	3295011382.0	3697351597.0	4109424800.0	4379136462.0	4754175869.0	5300962660.0	5607762625.0	3742769967.0
153	Middle East & North Africa	1046430000000.0	1041160000000.0	1035740000000.0	1148510000000.0	1356620000000.0	1632560000000.0	1908020000000.0	2259020000000.0	2817720000000.0	2546940000000.0	2972460000000.0	3287580000000.0	3557450000000.0	3508650000000.0	3524660000000.0	3095510000000.0	3105140000000.0	3225520000000.0	3368280000000.0	3406150000000.0	3035580000000.0
154	Mexico	707907000000.0	756706000000.0	772106000000.0	729336000000.0	782241000000.0	877476000000.0	975387000000.0	1052700000000.0	1109990000000.0	900045000000.0	1057800000000.0	1180490000000.0	1201090000000.0	1274440000000.0	1315350000000.0	1171870000000.0	1078490000000.0	1158910000000.0	1222410000000.0	1269430000000.0	1073920000000.0
155	Marshall Islands	115347500.0	122824000.0	131738200.0	131398500.0	132440200.0	136559500.0	141515800.0	148346700.0	151898900.0	149769600.0	160407100.0	172188500.0	180436300.0	184840400.0	182142800.0	183814300.0	201510900.0	213204100.0	221588900.0	239462200.0	244462400.0
156	Middle income	5819850000000.0	5877900000000.0	6022310000000.0	6795050000000.0	8073110000000.0	9617880000000.0	11420400000000.0	14140700000000.0	16925000000000.0	16501800000000.0	20041600000000.0	23826000000000.0	25387800000000.0	26922100000000.0	27815800000000.0	26380400000000.0	26558000000000.0	29186000000000.0	30985600000000.0	31771100000000.0	30535300000000.0
157	North Macedonia	3772857145.0	3709637830.0	4018365247.0	4946292775.0	5682788267.0	6258600714.0	6861222332.0	8336478142.0	9909548411.0	9401731496.0	9407168702.0	10494632699.0	9745251126.0	10817712139.0	11362272838.0	10064515432.0	10672471861.0	11307058382.0	12683070061.0	12606338449.0	12263710123.0
158	Mali	2961476518.0	3468327017.0	3908139487.0	4714051055.0	5454228771.0	6247496491.0	6905876385.0	8156532186.0	9838404005.0	10232036863.0	10689167195.0	12995113407.0	12442036265.0	13242691430.0	14364937997.0	13104764334.0	14026048691.0	15365714371.0	17070866299.0	17280251194.0	17465392916.0
159	Malta	4069515579.0	4088368978.0	4470446391.0	5448415500.0	6098092551.0	6416184181.0	6778324050.0	7925371475.0	9090406767.0	8696366907.0	9035932122.0	9638916481.0	9462238211.0	10551661177.0	11626281387.0	11091434484.0	11721521913.0	13221298308.0	14864712990.0	15215714309.0	14647384608.0
160	Myanmar	6849321646.0	6220271055.0	6110633154.0	7754647428.0	9390855298.0	10588433069.0	11863016315.0	15591182545.0	23013015832.0	29455165595.0	37796052939.0	54118601975.0	58318677645.0	60572254371.0	63264891867.0	63045306514.0	60291738935.0	61449391917.0	67144726168.0	68697761477.0	79852046611.0
161	Middle East & North Africa (excluding high income)	532014000000.0	537955000000.0	523457000000.0	571742000000.0	679294000000.0	802027000000.0	929931000000.0	1139890000000.0	1407370000000.0	1372560000000.0	1579520000000.0	1565630000000.0	1699940000000.0	1571820000000.0	1547660000000.0	1385870000000.0	1403900000000.0	1384690000000.0	1320220000000.0	1343540000000.0	1195750000000.0
162	Montenegro	984297589.4	1159869246.0	1284685051.0	1707710053.0	2073234418.0	2257174481.0	2721903149.0	3680711744.0	4545674528.0	4159330370.0	4143033276.0	4544516982.0	4087725813.0	4464260489.0	4587928884.0	4052913386.0	4374128319.0	4844592067.0	5504166667.0	5542674317.0	4769860741.0
163	Mongolia	1136896124.0	1267997934.0	1396555720.0	1595297356.0	1992066808.0	2523471532.0	3414055566.0	4234999823.0	5623216449.0	4583850368.0	7189481824.0	10409797649.0	12292770631.0	12582122604.0	12226514722.0	11619892396.0	11181350461.0	11480847745.0	13178094459.0	14206359007.0	13312981595.0
164	Northern Mariana Islands	NULL	NULL	1284000000.0	1239000000.0	1210000000.0	1061000000.0	990000000.0	938000000.0	939000000.0	795000000.0	799000000.0	729000000.0	746000000.0	772000000.0	832000000.0	910000000.0	1230000000.0	1560000000.0	1302000000.0	1182000000.0	NULL
165	Mozambique	5656473652.0	5398568544.0	5677003239.0	6303391144.0	7631120533.0	8542070110.0	9176889070.0	10450843291.0	12556195189.0	11914471497.0	11104648673.0	14381552433.0	16350804543.0	16974320551.0	17716084108.0	15950969019.0	11936999283.0	13219084261.0	14845870051.0	15384701798.0	14019446610.0
166	Mauritania	1779523344.0	1746064719.0	1777058593.0	2051147607.0	2362501023.0	2936019526.0	3919577286.0	4346206809.0	5206444407.0	4714592493.0	5628882266.0	6764635687.0	6728208836.0	7223063170.0	6592537782.0	6166857629.0	6398744505.0	6799075419.0	7354430040.0	7889662452.0	7913680231.0
167	Mauritius	4663313620.0	4613630623.0	4841310240.0	5816553827.0	6578844486.0	6488750453.0	7028803366.0	8150138757.0	9990370016.0	9128843109.0	10003670690.0	11518393367.0	11668685524.0	12129642296.0	12803445934.0	11692287066.0	12232463656.0	13259351418.0	14181951059.0	14045808843.0	10920606198.0
168	Malawi	1743506531.0	1716502862.0	3495748398.0	3208837077.0	3476094499.0	3655909664.0	3998020177.0	4432937046.0	5321012192.0	6191127665.0	6959655571.0	8004000737.0	6028487929.0	5518880769.0	6047813437.0	6373212641.0	5433040160.0	8943543677.0	9880675786.0	11025357838.0	12182348213.0
169	Malaysia	93789736842.0	92783947368.0	100846000000.0	110202000000.0	124749000000.0	143534000000.0	162691000000.0	193548000000.0	230814000000.0	202258000000.0	255017000000.0	297952000000.0	314443000000.0	323277000000.0	338062000000.0	301355000000.0	301255000000.0	319112000000.0	358792000000.0	365276000000.0	337006000000.0
170	North America	11000600000000.0	11324500000000.0	11701000000000.0	12358000000000.0	13244900000000.0	14214600000000.0	15140000000000.0	15927400000000.0	16272800000000.0	15830200000000.0	16616000000000.0	17342200000000.0	18031800000000.0	18637900000000.0	19339300000000.0	19801500000000.0	20280000000000.0	21199400000000.0	22344400000000.0	23182700000000.0	22605300000000.0
171	Namibia	3922247990.0	3557333364.0	3349184760.0	4926471294.0	6609198833.0	7248394160.0	8001779551.0	8839526452.0	8607475308.0	8938868165.0	11431334447.0	12523402329.0	13042007432.0	12043276397.0	12435416060.0	11335179562.0	10721994677.0	12895153160.0	13682062249.0	12496781720.0	10619194505.0
172	New Caledonia	3420032042.0	3297734886.0	3740056751.0	4915353825.0	5895008985.0	6238629462.0	6979155409.0	8819917187.0	9067619729.0	8704438061.0	9364350065.0	10351448025.0	9659151909.0	10151382877.0	10635035550.0	8738203042.0	8724568971.0	9173670000.0	9846920284.0	9438127994.0	NULL
173	Niger	2241753120.0	2448714681.0	2782192987.0	3394084885.0	3760443966.0	4383315657.0	4756361480.0	5731485267.0	7297600897.0	7352131669.0	7851191899.0	8772951262.0	9426913349.0	10224897935.0	10862944204.0	9683867894.0	10398862245.0	11185102400.0	12808660528.0	12916455161.0	13741378450.0
174	Nigeria	69448756933.0	74030364472.0	95385819321.0	104912000000.0	136386000000.0	176134000000.0	236104000000.0	275626000000.0	339476000000.0	295009000000.0	361457000000.0	404994000000.0	455502000000.0	508693000000.0	546676000000.0	486803000000.0	404650000000.0	375746000000.0	397190000000.0	448120000000.0	432294000000.0
175	Nicaragua	5107329007.0	5323146566.0	5224213018.0	5322454926.0	5795568205.0	6321335612.0	6763418646.0	7423421958.0	8496946608.0	8298679909.0	8758592272.0	9774262742.0	10532006608.0	10982979274.0	11880434071.0	12756706583.0	13286083645.0	13785876629.0	13025239912.0	12611218627.0	12621505383.0
176	Netherlands	417479000000.0	431587000000.0	473862000000.0	580070000000.0	658380000000.0	685348000000.0	733955000000.0	848559000000.0	951870000000.0	871519000000.0	847381000000.0	905271000000.0	838923000000.0	877173000000.0	892168000000.0	765573000000.0	784060000000.0	833870000000.0	914043000000.0	910194000000.0	913865000000.0
177	Norway	171247000000.0	173972000000.0	195524000000.0	228859000000.0	264512000000.0	308884000000.0	345581000000.0	400937000000.0	462250000000.0	386190000000.0	428757000000.0	498283000000.0	509506000000.0	522762000000.0	498410000000.0	385802000000.0	368827000000.0	398394000000.0	437000000000.0	404941000000.0	362198000000.0
178	Nepal	5494252208.0	6007055042.0	6050875807.0	6330473097.0	7273938315.0	8130258041.0	9043715356.0	10325618017.0	12545438605.0	12854985464.0	16002656434.0	21621710003.0	21703106502.0	22162208956.0	22731602970.0	24360795410.0	24524098184.0	28971589213.0	33111525183.0	34186180695.0	33657175561.0
179	Nauru	NULL	NULL	NULL	NULL	NULL	NULL	NULL	NULL	NULL	NULL	47564520.39	66055407.67	96927201.48	98491843.64	104654365.2	86529661.37	99723394.96	109359680.2	124021393.7	118724073.8	114626625.6
180	New Zealand	52623281957.0	53872425917.0	66627729311.0	88250885550.0	103905000000.0	114720000000.0	111539000000.0	137189000000.0	133131000000.0	121374000000.0	146518000000.0	168291000000.0	176207000000.0	190907000000.0	201313000000.0	178064000000.0	188943000000.0	206951000000.0	212226000000.0	212891000000.0	210701000000.0
181	OECD members	27629200000000.0	27365400000000.0	28564400000000.0	31948600000000.0	35564600000000.0	37604000000000.0	39677300000000.0	43423700000000.0	46068600000000.0	43122500000000.0	45201400000000.0	48628500000000.0	48579400000000.0	49234400000000.0	50281700000000.0	47468600000000.0	48406100000000.0	50532800000000.0	53475700000000.0	53983100000000.0	52392700000000.0
182	Oman	19507452536.0	19452000520.0	20142756047.0	21633708192.0	24763712874.0	31081991678.0	37215779714.0	42085379454.0	60905452536.0	48388363589.0	64993498049.0	77497529259.0	87408842653.0	89936020806.0	92699089727.0	78710793238.0	75128738622.0	80856697009.0	91505851756.0	88060858257.0	73971391417.0
183	Other small states	91409484062.0	90943070776.0	98114311646.0	122146000000.0	151573000000.0	183627000000.0	215786000000.0	264056000000.0	323027000000.0	277199000000.0	322471000000.0	396966000000.0	414203000000.0	432288000000.0	446234000000.0	369953000000.0	365887000000.0	398078000000.0	441564000000.0	432772000000.0	375853000000.0
184	Pakistan	82017743416.0	79484403985.0	79904985385.0	91760542940.0	107760000000.0	120055000000.0	137264000000.0	152386000000.0	170078000000.0	168153000000.0	177166000000.0	213587000000.0	224384000000.0	231219000000.0	244361000000.0	270556000000.0	278655000000.0	304567000000.0	314568000000.0	279057000000.0	262610000000.0
185	Panama	12304115000.0	12502013400.0	12994310400.0	13693981200.0	15013381700.0	16374393900.0	18141666300.0	21295984230.0	25155888616.0	27116635565.0	29440287581.0	34686224301.0	40429734384.0	45599994005.0	49921464365.0	54091713776.0	57907695409.0	62202725204.0	64929409212.0	66984427150.0	53977036995.0
186	Peru	51744749133.0	52030158775.0	54777553515.0	58731030122.0	66768703498.0	76060606061.0	88643193062.0	102171000000.0	120551000000.0	120823000000.0	147529000000.0	171762000000.0	192649000000.0	201175000000.0	200789000000.0	189805000000.0	191896000000.0	211007000000.0	222575000000.0	228471000000.0	202014000000.0
187	Philippines	83669693589.0	78921234457.0	84307291974.0	87039145965.0	95002028505.0	107420000000.0	127653000000.0	155980000000.0	181625000000.0	175975000000.0	208369000000.0	234217000000.0	261921000000.0	283903000000.0	297483000000.0	306446000000.0	318627000000.0	328481000000.0	346842000000.0	376823000000.0	361489000000.0
188	Palau	146297500.0	156907900.0	163184900.0	153963200.0	165186200.0	190452900.0	192382400.0	198897700.0	198283900.0	187522800.0	185943000.0	196911100.0	212397800.0	221117200.0	241669800.0	280457700.0	298300000.0	285300000.0	284700000.0	274200000.0	257700000.0
189	Papua New Guinea	3521339699.0	3081024212.0	2999511040.0	3536411824.0	3927157867.0	4865892972.0	8355006707.0	9545177014.0	11670840932.0	11619637799.0	14250755231.0	17984910502.0	21295659244.0	21261432791.0	23210682538.0	21723531173.0	20759069103.0	22742613554.0	24109509853.0	24751344552.0	24668899683.0
190	Poland	172219000000.0	190905000000.0	199072000000.0	217827000000.0	255110000000.0	306144000000.0	344622000000.0	429029000000.0	533609000000.0	439738000000.0	479834000000.0	528301000000.0	498524000000.0	521016000000.0	542477000000.0	477812000000.0	472630000000.0	526509000000.0	587412000000.0	597281000000.0	596624000000.0
191	Pre-demographic dividend	277551000000.0	265240000000.0	304065000000.0	330400000000.0	412506000000.0	514920000000.0	647728000000.0	784336000000.0	982331000000.0	891723000000.0	1037780000000.0	1199640000000.0	1306390000000.0	1435830000000.0	1511290000000.0	1318250000000.0	1205550000000.0	1258670000000.0	1344630000000.0	1407740000000.0	1293150000000.0
192	Puerto Rico	61701800000.0	69208400000.0	71623500000.0	74827400000.0	80322313000.0	83914521300.0	87276164400.0	89524131600.0	93639300000.0	96385600000.0	98381300000.0	100352000000.0	101565000000.0	102450000000.0	102446000000.0	103376000000.0	104337000000.0	103446000000.0	100925000000.0	104915000000.0	103138000000.0
193	Korea, Dem. People's Rep.	NULL	NULL	NULL	NULL	NULL	NULL	NULL	NULL	NULL	NULL	NULL	NULL	NULL	NULL	NULL	NULL	NULL	NULL	NULL	NULL	NULL
194	Portugal	118605000000.0	121604000000.0	134796000000.0	165226000000.0	189382000000.0	197254000000.0	208756000000.0	240496000000.0	263416000000.0	244668000000.0	238113000000.0	245118000000.0	216224000000.0	226434000000.0	229902000000.0	199394000000.0	206426000000.0	221358000000.0	242313000000.0	239987000000.0	228539000000.0
195	Paraguay	8855705140.0	8495806432.0	7196260657.0	7691367471.0	9624440836.0	10737500188.0	13429430050.0	17856270473.0	24616537618.0	22355601273.0	27237782850.0	33756238767.0	33296438306.0	38651334288.0	40377987209.0	36211372703.0	36089550659.0	38997129474.0	40225448341.0	37906944075.0	35670301496.0
196	West Bank and Gaza	4313600000.0	4003700000.0	3555800000.0	3968000000.0	4603100000.0	5125700000.0	5348300000.0	5815700000.0	7310400000.0	8085700000.0	9681500000.0	11186100000.0	12208400000.0	13515500000.0	13989700000.0	13972400000.0	15405400000.0	16128000000.0	16276600000.0	17133500000.0	15561300000.0
197	Pacific island small states	3444921970.0	3395627477.0	3564053883.0	4178053089.0	4818328915.0	5329582224.0	5613654073.0	6192507725.0	6609313729.0	5916221065.0	6566818383.0	7713181064.0	8186804963.0	8498136739.0	9226234551.0	9019345254.0	9456355296.0	10212037558.0	10656209173.0	10641343380.0	9530487872.0
198	Post-demographic dividend	26396300000000.0	26137700000000.0	27274400000000.0	30574800000000.0	33967700000000.0	35741900000000.0	37616800000000.0	41041200000000.0	43433800000000.0	40916300000000.0	42641900000000.0	45804100000000.0	45736100000000.0	46194500000000.0	47150100000000.0	44644100000000.0	45670900000000.0	47622600000000.0	50492100000000.0	50983800000000.0	49594500000000.0
199	French Polynesia	3447543203.0	NULL	NULL	NULL	NULL	NULL	NULL	NULL	NULL	NULL	NULL	NULL	NULL	NULL	NULL	NULL	NULL	NULL	NULL	NULL	NULL
200	Qatar	17759890110.0	17538461538.0	19363736264.0	23533791209.0	31734065934.0	44530494505.0	60882142857.0	79712087912.0	115270000000.0	97798351648.0	125122000000.0	167775000000.0	186834000000.0	198728000000.0	206225000000.0	161740000000.0	151732000000.0	161099000000.0	183335000000.0	176371000000.0	144411000000.0
201	Romania	37253259017.0	40394824679.0	46066101951.0	57806506024.0	74972669057.0	98452791983.0	122023000000.0	174585000000.0	214314000000.0	174104000000.0	166309000000.0	183327000000.0	170636000000.0	190801000000.0	199959000000.0	177729000000.0	188129000000.0	211695000000.0	241457000000.0	249882000000.0	248716000000.0
202	Russian Federation	259710000000.0	306602000000.0	345470000000.0	430348000000.0	591017000000.0	764017000000.0	989931000000.0	1299710000000.0	1660850000000.0	1222640000000.0	1524920000000.0	2045930000000.0	2208300000000.0	2292470000000.0	2059240000000.0	1363480000000.0	1276790000000.0	1574200000000.0	1657330000000.0	1687450000000.0	1483500000000.0
203	Rwanda	2067528500.0	1965444515.0	1964779921.0	2137093489.0	2375281627.0	2932213575.0	3317951468.0	4068065929.0	5177015141.0	5671332138.0	6121234529.0	6881038270.0	7650300320.0	7815599503.0	8241332517.0	8539048448.0	8690485823.0	9253098954.0	9640280084.0	10355974217.0	10333991456.0
204	South Asia	630429000000.0	645870000000.0	677627000000.0	791003000000.0	917089000000.0	1050590000000.0	1196090000000.0	1504190000000.0	1527470000000.0	1683430000000.0	2060780000000.0	2274550000000.0	2300090000000.0	2359610000000.0	2584560000000.0	2699430000000.0	2926450000000.0	3348110000000.0	3436590000000.0	3597250000000.0	3386420000000.0
205	Saudi Arabia	189515000000.0	184137000000.0	189606000000.0	215808000000.0	258742000000.0	328460000000.0	376900000000.0	415965000000.0	519797000000.0	429098000000.0	528207000000.0	671239000000.0	735975000000.0	746647000000.0	756350000000.0	654270000000.0	644936000000.0	688586000000.0	786522000000.0	792967000000.0	700118000000.0
206	Sudan	12257418326.0	15716489370.0	18136839087.0	21355576673.0	26645490675.0	35182105414.0	45264519503.0	59440139775.0	64831935604.0	51621044077.0	58962978034.0	55018567211.0	37632919967.0	43024018082.0	49516748618.0	51726758677.0	42630376000.0	41283617976.0	30964349685.0	26155799325.0	21329109522.0
207	Senegal	6013184809.0	6507824767.0	7006402592.0	8768721956.0	10076817278.0	11009032665.0	11697918803.0	13994218939.0	16853991177.0	16145868285.0	16121314671.0	17814284622.0	17660871726.0	18918668644.0	19797254643.0	17774766636.0	19040312815.0	20996564752.0	23116699808.0	23306213742.0	24644234595.0
208	Singapore	96074477958.0	89794943350.0	92537752709.0	97645448284.0	115035000000.0	127808000000.0	148630000000.0	180942000000.0	193612000000.0	194152000000.0	239809000000.0	279351000000.0	295087000000.0	307576000000.0	314851000000.0	308004000000.0	318764000000.0	343338000000.0	375982000000.0	374386000000.0	339998000000.0
209	Solomon Islands	419933580.9	409435392.2	346431958.3	352522682.2	397611126.7	476898763.6	538668769.3	620230005.2	699157191.0	735940409.7	846797693.6	1049952233.0	1190994127.0	1284698922.0	1335538893.0	1307061544.0	1378551118.0	1483758907.0	1574599183.0	1570093229.0	1545888426.0
210	Sierra Leone	635874002.2	1090467712.0	1253340520.0	1385810072.0	1448536631.0	1650494367.0	1885112202.0	2158496873.0	2505458705.0	2453899847.0	2578026297.0	2942546781.0	3801862611.0	4920343195.0	5015157816.0	4218723875.0	3674794530.0	3719369107.0	4085114794.0	4076578543.0	4063289450.0
211	El Salvador	11784927700.0	12282533600.0	12664190300.0	13243892200.0	13724810900.0	14698000000.0	15999890000.0	17011750000.0	17986890000.0	17601620000.0	18447920000.0	20283780000.0	21386150000.0	21990960000.0	22593470000.0	23438240000.0	24191430000.0	24979190000.0	26020850000.0	26896660000.0	24638720000.0
212	San Marino	1005159388.0	1077413479.0	1168269231.0	1464326161.0	1723750000.0	1785847531.0	1908167106.0	2185874624.0	2393437820.0	2056126702.0	1881214371.0	1813752784.0	1604779648.0	1678841812.0	1673973695.0	1419394771.0	1468377272.0	1528630707.0	1655300873.0	1616369646.0	NULL
213	Somalia	NULL	NULL	NULL	NULL	NULL	NULL	NULL	NULL	NULL	NULL	NULL	NULL	NULL	4574495667.0	5021956321.0	5331761394.0	5529873480.0	5609000000.0	5850677296.0	6476674592.0	6965285325.0
214	Serbia	6875845987.0	12960538724.0	17120906918.0	22482365322.0	26141968161.0	27683225959.0	32482070360.0	43170990616.0	52194221469.0	45162894381.0	41819468692.0	49258136129.0	43309252921.0	48394239475.0	47062206678.0	39655958843.0	40692643373.0	44179055280.0	50640650221.0	51514222382.0	53335016425.0
215	Sub-Saharan Africa (excluding high income)	422469000000.0	405357000000.0	440595000000.0	555478000000.0	690688000000.0	820416000000.0	967220000000.0	1120940000000.0	1273720000000.0	1218450000000.0	1437690000000.0	1612940000000.0	1676820000000.0	1783700000000.0	1848430000000.0	1679280000000.0	1562470000000.0	1667570000000.0	1753000000000.0	1802900000000.0	1704320000000.0
216	South Sudan	NULL	NULL	NULL	NULL	NULL	NULL	NULL	NULL	14586253383.0	12231264525.0	14602072411.0	14907308933.0	11931472169.0	18426469017.0	13962212847.0	11997800760.0	NULL	NULL	NULL	NULL	NULL
217	Sub-Saharan Africa	423088000000.0	405983000000.0	441298000000.0	556188000000.0	691532000000.0	821339000000.0	968241000000.0	1121980000000.0	1274690000000.0	1219300000000.0	1438660000000.0	1614000000000.0	1677880000000.0	1785030000000.0	1849770000000.0	1680660000000.0	1563900000000.0	1669100000000.0	1754540000000.0	1804480000000.0	1705380000000.0
218	Small states	129063000000.0	129579000000.0	138660000000.0	165859000000.0	199640000000.0	237866000000.0	277064000000.0	332119000000.0	399977000000.0	342525000000.0	393562000000.0	474347000000.0	494441000000.0	514131000000.0	529931000000.0	452216000000.0	444942000000.0	479984000000.0	527533000000.0	519587000000.0	451424000000.0
219	Sao Tome and Principe	NULL	75951210.69	85171308.17	102085583.5	114582561.6	136450274.7	142775597.3	149146423.1	188021190.6	187820464.6	196652514.3	231489270.1	250680845.7	300554483.6	346528329.2	316066072.3	345495615.0	375614126.2	412253809.7	427425039.7	472914469.9
220	Suriname	947671969.7	834279357.8	1093574468.0	1274190311.0	1484092538.0	1793388732.0	2626380435.0	2936612022.0	3532969035.0	3875409836.0	4368398048.0	4422276622.0	4980000000.0	5145757576.0	5240606061.0	5126291451.0	3317438911.0	3591623596.0	3996247906.0	3984483762.0	2884248048.0
221	Slovak Republic	29242558797.0	30778781607.0	35297794386.0	46919965224.0	57437444469.0	62808723477.0	70767338922.0	86563986799.0	100880000000.0	89399303222.0	90801178162.0	99492917849.0	94253181330.0	98569320343.0	101089000000.0	88636928905.0	89674927723.0	95393515078.0	105613000000.0	105284000000.0	105173000000.0
222	Slovenia	20289627637.0	20876309970.0	23489890274.0	29634713641.0	34414784504.0	36206395971.0	39481045038.0	48067401207.0	55779427740.0	50567734886.0	48208240226.0	51583869785.0	46577793184.0	48415657265.0	49997186439.0	43107506024.0	44766722791.0	48589100043.0	54163591695.0	54178877606.0	53589609581.0
223	Sweden	262835000000.0	242396000000.0	266849000000.0	334337000000.0	385118000000.0	392218000000.0	423093000000.0	491253000000.0	517706000000.0	436537000000.0	495813000000.0	574094000000.0	552484000000.0	586842000000.0	581964000000.0	505104000000.0	515655000000.0	541019000000.0	555455000000.0	533880000000.0	541220000000.0
224	Eswatini	1738100853.0	1542477309.0	1432228125.0	2197612701.0	2770082792.0	3178126492.0	3291353836.0	3469363996.0	3294093485.0	3580417067.0	4438778424.0	4820499924.0	4886533033.0	4597532030.0	4422968340.0	4063245671.0	3816022047.0	4402969226.0	4665420239.0	4495679481.0	3972728948.0
225	Sint Maarten (Dutch part)	NULL	NULL	NULL	NULL	NULL	NULL	NULL	NULL	NULL	NULL	NULL	936089385.5	985865921.8	1022905028.0	1245251397.0	1253072626.0	1263687151.0	1191620112.0	1185474860.0	NULL	NULL
226	Seychelles	614879764.8	622262057.2	697518248.2	705704816.0	839319927.3	919103254.5	1016418229.0	1033561654.0	967199594.0	847397850.1	969936525.3	1065826670.0	1060226126.0	1328157609.0	1343007845.0	1377495054.0	1426651769.0	1528242026.0	1547690759.0	1582841059.0	1059886364.0
227	Syrian Arab Republic	80590022272.0	86771314031.0	90558485523.0	95693808463.0	112863000000.0	134204000000.0	153800000000.0	180030000000.0	218090000000.0	224562000000.0	252518000000.0	64315437939.0	42807315976.0	20345458471.0	21239000398.0	16492072144.0	12356980639.0	16112991412.0	21490335086.0	22777882165.0	NULL
228	Turks and Caicos Islands	NULL	358744800.0	366707910.0	409753640.0	485598810.0	578645760.0	721891470.0	773489740.0	862683630.0	703175750.0	686787810.0	728789570.0	727161000.0	754238000.0	841070000.0	942070000.0	1032452000.0	1022365000.0	1113178000.0	1197415000.0	924583000.0
229	Chad	1388506727.0	1710843361.0	1997005787.0	2742815195.0	4422855929.0	6649307057.0	7428701809.0	8650138069.0	10393834721.0	9290728773.0	10668102735.0	12172309523.0	12367363678.0	12953535496.0	13940768066.0	10950392220.0	10097778354.0	10000395242.0	11239167048.0	11314951343.0	10829076802.0
230	East Asia & Pacific (IDA & IBRD countries)	1732080000000.0	1844710000000.0	2041300000000.0	2308360000000.0	2678510000000.0	3102520000000.0	3735590000000.0	4721400000000.0	5970840000000.0	6475780000000.0	7847740000000.0	9595850000000.0	10705300000000.0	11813200000000.0	12734900000000.0	13264200000000.0	13542900000000.0	14800500000000.0	16553900000000.0	17113600000000.0	17426700000000.0
231	Europe & Central Asia (IDA & IBRD countries)	894261000000.0	909749000000.0	1023020000000.0	1257920000000.0	1628130000000.0	2040040000000.0	2467590000000.0	3173620000000.0	3929050000000.0	3114720000000.0	3659630000000.0	4444800000000.0	4641050000000.0	4920930000000.0	4646590000000.0	3627110000000.0	3490780000000.0	3912600000000.0	4073650000000.0	4153450000000.0	3876730000000.0
232	Togo	1491891108.0	1482437752.0	1706698099.0	2115836353.0	2259992642.0	2281482855.0	2351584608.0	2662612348.0	3323677130.0	3379258565.0	3429461495.0	3872459250.0	3873308389.0	4321655656.0	4574986537.0	4180866177.0	6031632168.0	6395472574.0	7112200725.0	7220395248.0	7574636979.0
233	Thailand	126392000000.0	120296000000.0	134301000000.0	152281000000.0	172896000000.0	189319000000.0	221758000000.0	262942000000.0	291383000000.0	281710000000.0	341105000000.0	370819000000.0	397558000000.0	420333000000.0	407339000000.0	401296000000.0	413366000000.0	456357000000.0	506611000000.0	544264000000.0	501644000000.0
234	Tajikistan	860521119.3	1080768907.0	1221120799.0	1555301496.0	2076182461.0	2312327536.0	2830220713.0	3719506173.0	5161337336.0	4979481980.0	5642178580.0	6522732203.0	7633049792.0	8448469838.0	9112544556.0	8271454301.0	6992393787.0	7536439875.0	7765014424.0	8300784857.0	8194150302.0
235	Turkmenistan	2904662605.0	3534803922.0	4461978499.0	5977560877.0	6838351088.0	8103901996.0	10276674365.0	12664165103.0	19271523179.0	20214385965.0	22583157895.0	29233333333.0	35164210526.0	39197543860.0	43524210526.0	35799714286.0	36169428571.0	37926285714.0	40765428571.0	45231428571.0	NULL
236	Latin America & the Caribbean (IDA & IBRD countries)	2177400000000.0	2119380000000.0	1886130000000.0	1920990000000.0	2224990000000.0	2709270000000.0	3186250000000.0	3773590000000.0	4407520000000.0	4129490000000.0	5159150000000.0	5885160000000.0	5942530000000.0	6090590000000.0	6209690000000.0	5142580000000.0	5014500000000.0	5590910000000.0	5462070000000.0	5376510000000.0	4478210000000.0
237	Timor-Leste	367087900.0	477443500.0	469506700.0	490439100.0	440764600.0	462283600.0	453805100.0	542795400.0	648492700.0	726882400.0	881827800.0	1042411500.0	1160389500.0	1395519600.0	1447307100.0	1594410900.0	1650618500.0	1615609700.0	1583876200.0	2047931700.0	1902156800.0
238	Middle East & North Africa (IDA & IBRD countries)	527700000000.0	533951000000.0	519902000000.0	567774000000.0	674691000000.0	796901000000.0	924583000000.0	1134070000000.0	1400050000000.0	1364470000000.0	1569840000000.0	1554440000000.0	1687730000000.0	1558300000000.0	1533670000000.0	1371890000000.0	1388490000000.0	1368560000000.0	1303940000000.0	1326400000000.0	1180180000000.0
239	Tonga	204849612.6	181116952.8	182763693.9	202246959.7	230657965.5	261797606.1	292232117.1	298513956.2	344428609.0	312377379.3	366840012.4	414523388.5	470714083.4	450643615.2	439878828.0	437006227.2	420540178.6	460379145.0	489235527.4	512350059.4	488829964.1
240	South Asia (IDA & IBRD)	630429000000.0	645870000000.0	677627000000.0	791003000000.0	917089000000.0	1050590000000.0	1196090000000.0	1504190000000.0	1527470000000.0	1683430000000.0	2060780000000.0	2274550000000.0	2300090000000.0	2359610000000.0	2584560000000.0	2699430000000.0	2926450000000.0	3348110000000.0	3436590000000.0	3597250000000.0	3386420000000.0
241	Sub-Saharan Africa (IDA & IBRD countries)	423088000000.0	405983000000.0	441298000000.0	556188000000.0	691532000000.0	821339000000.0	968241000000.0	1121980000000.0	1274690000000.0	1219300000000.0	1438660000000.0	1614000000000.0	1677880000000.0	1785030000000.0	1849770000000.0	1680660000000.0	1563900000000.0	1669100000000.0	1754540000000.0	1804480000000.0	1705380000000.0
242	Trinidad and Tobago	8154338233.0	8824873259.0	9008273721.0	11305459802.0	13280275123.0	15982282462.0	18369361094.0	21641620050.0	27871587350.0	19172165226.0	22157948396.0	25433011405.0	25763220107.0	27268478565.0	27615843098.0	24959858249.0	22386264807.0	22385426654.0	23679919655.0	23208326548.0	21588037505.0
243	Tunisia	21473261837.0	22066031834.0	23142153760.0	27453007373.0	31183059012.0	32273007554.0	34377310293.0	38914078352.0	44860969077.0	43454935940.0	46206331261.0	48122838145.0	47311196335.0	48683848564.0	50271342086.0	45780069047.0	44360775649.0	42163974956.0	42570270107.0	41804581484.0	41620349986.0
244	Turkey	274303000000.0	201751000000.0	240253000000.0	314592000000.0	408876000000.0	506308000000.0	557058000000.0	681337000000.0	770462000000.0	649273000000.0	776993000000.0	838763000000.0	880556000000.0	957783000000.0	938953000000.0	864317000000.0	869693000000.0	858996000000.0	778472000000.0	761004000000.0	719955000000.0
245	Tuvalu	13742057.05	13196544.95	15450994.24	18231078.54	21534931.61	21839098.89	22902861.45	27030374.03	30290219.76	27101076.28	31823518.62	38711810.21	37671774.69	37509075.11	37290607.54	35492074.22	36547799.58	40619251.99	42588164.97	47271463.33	48855550.2
246	Tanzania	13375976354.0	13581644246.0	14142035080.0	15224257698.0	16675948415.0	18399046025.0	18649590248.0	21843529025.0	27941177435.0	29081425282.0	32014249841.0	34657139495.0	39650530214.0	45680532614.0	49964788814.0	47378599025.0	49774021003.0	53320625959.0	57003713611.0	61136873692.0	62409709111.0
247	Uganda	6193246837.0	5840503869.0	6178563591.0	6606884391.0	7939487474.0	9239221859.0	9977647645.0	11902564401.0	14440404021.0	25127805566.0	26673441667.0	27871725206.0	27305915761.0	28915786997.0	32612397758.0	32387183845.0	29203988815.0	30744473912.0	32927025573.0	35353060634.0	37600368181.0
248	Ukraine	32375082563.0	39309580983.0	43956369917.0	52010238716.0	67220154164.0	89239370109.0	111885000000.0	148734000000.0	188111000000.0	121553000000.0	141210000000.0	169333000000.0	182592000000.0	190499000000.0	133503000000.0	91030959455.0	93355993629.0	112091000000.0	130891000000.0	153883000000.0	155499000000.0
249	Upper middle income	4312390000000.0	4336820000000.0	4374740000000.0	4901920000000.0	5877030000000.0	7065560000000.0	8393390000000.0	10424000000000.0	12715200000000.0	12224800000000.0	14840800000000.0	17890200000000.0	19157600000000.0	20578400000000.0	21218900000000.0	19921800000000.0	19820600000000.0	21939500000000.0	23638700000000.0	24035300000000.0	23150700000000.0
250	Uruguay	22823255802.0	20898788417.0	13606494599.0	12045631093.0	13686329890.0	17362857684.0	19579457966.0	23410572634.0	30366213119.0	31660911277.0	40284481652.0	47962439304.0	51264390116.0	57531233351.0	57236013086.0	53274304222.0	57236652490.0	64233966861.0	64515038268.0	61231149881.0	53628827440.0
251	United States	10252300000000.0	10581800000000.0	10936400000000.0	11458200000000.0	12213700000000.0	13036600000000.0	13814600000000.0	14451900000000.0	14712800000000.0	14448900000000.0	14992100000000.0	15542600000000.0	16197000000000.0	16784800000000.0	17527200000000.0	18238300000000.0	18745100000000.0	19543000000000.0	20611900000000.0	21433200000000.0	20953000000000.0
252	Uzbekistan	13760513969.0	11401421329.0	9687788513.0	10134453435.0	12030023548.0	14307509839.0	17330833853.0	22311393928.0	29549438884.0	33689223673.0	49765676402.0	60178909297.0	67517349212.0	73180036692.0	80845384375.0	86196265192.0	86138288615.0	62081323299.0	52633143808.0	59907674027.0	59929951114.0
253	St. Vincent and the Grenadines	396262963.0	430040740.7	461885185.2	481807407.4	521974074.1	550729629.6	610929629.6	684444444.4	695429629.6	674922222.2	681225925.9	676129629.6	692933333.3	721207407.4	727714814.8	755400000.0	774429629.6	792177777.8	811300000.0	825040740.7	807474074.1
254	Venezuela, RB	117141000000.0	122904000000.0	92893587734.0	83620628582.0	112453000000.0	145510000000.0	183478000000.0	230364000000.0	315953000000.0	329788000000.0	393192000000.0	316482000000.0	381286000000.0	371005000000.0	482359000000.0	NULL	NULL	NULL	NULL	NULL	NULL
255	British Virgin Islands	NULL	NULL	NULL	NULL	NULL	NULL	NULL	NULL	NULL	NULL	NULL	NULL	NULL	NULL	NULL	NULL	NULL	NULL	NULL	NULL	NULL
256	Virgin Islands (U.S.)	NULL	NULL	3262000000.0	3443000000.0	3797000000.0	4428000000.0	4484000000.0	4784000000.0	4244000000.0	4201000000.0	4324000000.0	4223000000.0	4089000000.0	3738000000.0	3565000000.0	3663000000.0	3798000000.0	3794000000.0	3900000000.0	4068000000.0	NULL
257	Vietnam	31172518403.0	32685198735.0	35064105501.0	39552513316.0	45427854693.0	57633255618.0	66371664817.0	77414425532.0	99130304099.0	106015000000.0	115932000000.0	135539000000.0	155820000000.0	171222000000.0	186205000000.0	193241000000.0	205276000000.0	223780000000.0	245214000000.0	261921000000.0	271158000000.0
258	Vanuatu	272014693.1	257926881.7	262596597.8	314471328.1	364996869.1	394962552.3	439376794.1	516392922.5	590748237.0	592622502.4	670713208.1	770153304.2	747839697.7	758304466.2	772315721.3	730870581.7	780889605.9	880043553.7	914727908.1	934521604.6	881547928.6
259	World	33831900000000.0	33614900000000.0	34918200000000.0	39148000000000.0	44114300000000.0	47777900000000.0	51778700000000.0	58337500000000.0	64071500000000.0	60781000000000.0	66500500000000.0	73671500000000.0	75311600000000.0	77443200000000.0	79575500000000.0	75117100000000.0	76313200000000.0	81224600000000.0	86274300000000.0	87568100000000.0	84747000000000.0
260	Samoa	269019710.3	273088357.2	288078881.4	338838639.4	420320176.4	465568018.3	505832439.8	570469196.7	619260721.6	584706020.2	663155955.0	737147951.1	760319276.0	770059551.0	756805940.2	787958585.9	799493884.3	832025574.0	821286927.5	852007112.7	807100820.6
261	Kosovo	NULL	NULL	NULL	NULL	NULL	NULL	NULL	NULL	5181776769.0	5015894693.0	5344014318.0	6341737194.0	6163785173.0	6735731173.0	7074657898.0	6295820482.0	6682832632.0	7180813376.0	7878508503.0	7899879086.0	7716925356.0
262	Yemen, Rep.	9652436180.0	9861560095.0	10694628092.0	11777966673.0	13872791659.0	16746344766.0	19061978586.0	21650532264.0	26910851362.0	25130274124.0	30906749533.0	32726417212.0	35401341663.0	40415235702.0	43228585321.0	42445102387.0	31317365269.0	26840128755.0	21606140907.0	NULL	NULL
263	South Africa	151753000000.0	135430000000.0	129088000000.0	197020000000.0	255807000000.0	288868000000.0	303861000000.0	333075000000.0	316132000000.0	329753000000.0	417365000000.0	458202000000.0	434401000000.0	400886000000.0	381199000000.0	346710000000.0	323586000000.0	381449000000.0	404842000000.0	387935000000.0	335442000000.0
264	Zambia	3600683040.0	4094480988.0	4193845678.0	4901839731.0	6221077675.0	8331870169.0	12756858899.0	14056957976.0	17910858638.0	15328342304.0	20265559484.0	23459515276.0	25503060420.0	28037239463.0	27141023558.0	21251216799.0	20958412538.0	25873601261.0	26311590297.0	23308667781.0	18110631358.0
265	Zimbabwe	6689957600.0	6777384700.0	6342116400.0	5727591800.0	5805598400.0	5755215200.0	5443896500.0	5291950100.0	4415702800.0	9665793300.0	12041655200.0	14101920300.0	17114849900.0	19091020000.0	19495519600.0	19963120600.0	20548678100.0	17584890937.0	18115543791.0	19284289739.0	18051170799.0
