Country_Name	'2000'	'2001'	'2002'	'2003'	'2004'	'2005'	'2006'	'2007'	'2008'	'2009'	'2010'	'2011'	'2012'	'2013'	'2014'	'2015'	'2016'	'2017'	'2018'	'2019'	'2020'
Aruba	'1873452514'	'1920111732'	'1941340782'	'2021229050'	'2228491620'	'2330726257'	'2424581006'	'2615083799'	'2745251397'	'2498882682'	'2390502793'	'2549720670'	'2534636872'	'2727849721'	'2790849162'	'2962905028'	'2983636872'	'3092430168'	'3202188607'	'NULL'	'NULL'
Africa_Eastern_and_Southern	'2.84E+11'	'2.59E+11'	'2.65E+11'	'3.53E+11'	'4.39E+11'	'5.12E+11'	'5.76E+11'	'6.61E+11'	'7.08E+11'	'7.13E+11'	'8.47E+11'	'9.43E+11'	'9.51E+11'	'9.64E+11'	'9.85E+11'	'9.20E+11'	'8.73E+11'	'9.85E+11'	'1.01E+12'	'1.01E+12'	'9.21E+11'
Afghanistan	'NULL'	'NULL'	'4055179566'	'4515558808'	'5226778809'	'6209137625'	'6971285595'	'9747879532'	'10109305183'	'12416161049'	'15856678596'	'17805113119'	'19907317066'	'20146404996'	'20497126770'	'19134211764'	'18116562465'	'18753469630'	'18053228579'	'18799450743'	'20116137326'
Africa_Western_and_Central	'1.40E+11'	'1.48E+11'	'1.77E+11'	'2.05E+11'	'2.54E+11'	'3.11E+11'	'3.93E+11'	'4.62E+11'	'5.66E+11'	'5.07E+11'	'5.92E+11'	'6.71E+11'	'7.28E+11'	'8.21E+11'	'8.65E+11'	'7.61E+11'	'6.91E+11'	'6.84E+11'	'7.42E+11'	'7.95E+11'	'7.85E+11'
Angola	'9129634978'	'8936063723'	'15285594828'	'17812705294'	'23552052408'	'36970918699'	'52381006892'	'65266452081'	'88538611205'	'70307163678'	'83799496611'	'1.12E+11'	'1.28E+11'	'1.37E+11'	'1.46E+11'	'1.16E+11'	'1.01E+11'	'1.22E+11'	'1.01E+11'	'89417190341'	'58375976293'
Albania	'3480355258'	'3922100794'	'4348068242'	'5611496257'	'7184685782'	'8052073539'	'8896072919'	'10677324144'	'12881353508'	'12044208086'	'11926922829'	'12890764531'	'12319830437'	'12776220507'	'13228147516'	'11386850130'	'11861199831'	'13019689337'	'15156432310'	'15400242875'	'14887629268'
Andorra	'1429049198'	'1546926174'	'1755910032'	'2361726862'	'2894921778'	'3159905484'	'3456442103'	'3952600602'	'4085630584'	'3674409558'	'3449966857'	'3629203786'	'3188808943'	'3193704343'	'3271808157'	'2789870188'	'2896679212'	'3000180750'	'3218316013'	'3155065488'	'NULL'
Arab_World	'8.16E+11'	'7.99E+11'	'8.03E+11'	'8.88E+11'	'1.06E+12'	'1.30E+12'	'1.53E+12'	'1.79E+12'	'2.25E+12'	'1.97E+12'	'2.31E+12'	'2.50E+12'	'2.74E+12'	'2.80E+12'	'2.83E+12'	'2.46E+12'	'2.41E+12'	'2.47E+12'	'2.73E+12'	'2.78E+12'	'2.45E+12'
United_Arab_Emirates	'1.04E+11'	'1.03E+11'	'1.10E+11'	'1.24E+11'	'1.48E+11'	'1.81E+11'	'2.22E+11'	'2.58E+11'	'3.15E+11'	'2.54E+11'	'2.90E+11'	'3.51E+11'	'3.75E+11'	'3.90E+11'	'4.03E+11'	'3.58E+11'	'3.57E+11'	'3.86E+11'	'4.22E+11'	'4.17E+11'	'3.59E+11'
Argentina	'2.84E+11'	'2.69E+11'	'97724004252'	'1.28E+11'	'1.65E+11'	'1.99E+11'	'2.33E+11'	'2.88E+11'	'3.62E+11'	'3.33E+11'	'4.24E+11'	'5.30E+11'	'5.46E+11'	'5.52E+11'	'5.26E+11'	'5.95E+11'	'5.58E+11'	'6.44E+11'	'5.25E+11'	'4.52E+11'	'3.89E+11'
Armenia	'1911563669'	'2118467913'	'2376335048'	'2807061009'	'3576615240'	'4900469950'	'6384451606'	'9206301700'	'11662040714'	'8647936748'	'9260284938'	'10142111334'	'10619320049'	'11121465767'	'11609512940'	'10553337673'	'10546135160'	'11527458566'	'12457941907'	'13619291361'	'12641209802'
American_Samoa	'NULL'	'NULL'	'512000000'	'524000000'	'509000000'	'500000000'	'493000000'	'518000000'	'560000000'	'675000000'	'573000000'	'570000000'	'640000000'	'638000000'	'643000000'	'673000000'	'671000000'	'612000000'	'639000000'	'648000000'	'709000000'
Antigua_and_Barbuda	'826370370.4'	'800481481.5'	'814381481.5'	'856396296.3'	'919729629.6'	'1022962963'	'1157662963'	'1312759259'	'1370070370'	'1228329630'	'1148700000'	'1137637037'	'1199948148'	'1181448148'	'1249733333'	'1336692593'	'1436585185'	'1467977778'	'1605944444'	'1687533333'	'1370281481'
Australia	'4.16E+11'	'3.79E+11'	'3.95E+11'	'4.67E+11'	'6.14E+11'	'6.95E+11'	'7.48E+11'	'8.54E+11'	'1.06E+12'	'9.28E+11'	'1.15E+12'	'1.40E+12'	'1.55E+12'	'1.58E+12'	'1.47E+12'	'1.35E+12'	'1.21E+12'	'1.33E+12'	'1.43E+12'	'1.39E+12'	'1.33E+12'
Austria	'1.97E+11'	'1.98E+11'	'2.14E+11'	'2.62E+11'	'3.01E+11'	'3.16E+11'	'3.36E+11'	'3.89E+11'	'4.32E+11'	'4.02E+11'	'3.92E+11'	'4.32E+11'	'4.09E+11'	'4.30E+11'	'4.43E+11'	'3.82E+11'	'3.96E+11'	'4.17E+11'	'4.55E+11'	'4.45E+11'	'4.33E+11'
Azerbaijan	'5272798391'	'5707720391'	'6235856820'	'7276753895'	'8680370408'	'13245716099'	'20982986344'	'33050343783'	'48852482960'	'44291490421'	'52909294792'	'65951627200'	'69683935845'	'74164435946'	'75244294275'	'53074370486'	'37867518957'	'40865558912'	'47112941176'	'48174235294'	'42607176471'
Burundi	'870486065.9'	'876794723.1'	'825394490.2'	'784654423.6'	'915257323.4'	'1117113046'	'1273375020'	'1356199365'	'1611835902'	'1781455092'	'2032135247'	'2235820868'	'2333308099'	'2451625333'	'2705783272'	'3104394858'	'2732808557'	'2748180474'	'2668495743'	'2631434363'	'2841786382'
Belgium	'2.37E+11'	'2.37E+11'	'2.58E+11'	'3.18E+11'	'3.69E+11'	'3.86E+11'	'4.08E+11'	'4.71E+11'	'5.17E+11'	'4.83E+11'	'4.81E+11'	'5.23E+11'	'4.96E+11'	'5.22E+11'	'5.35E+11'	'4.62E+11'	'4.76E+11'	'5.03E+11'	'5.43E+11'	'5.35E+11'	'5.22E+11'
Benin	'3519991326'	'3666222600'	'4194342849'	'5349258334'	'6190270756'	'6567654494'	'7034111651'	'8169048690'	'9787735426'	'9738626993'	'9535344283'	'10693321954'	'11141358945'	'12517845732'	'13284528654'	'11388160958'	'11821066153'	'12701654743'	'14262407012'	'14391686633'	'15651545332'
Burkina_Faso	'2968369991'	'3190371050'	'3622350204'	'4740768355'	'5451688868'	'6146352742'	'6547420134'	'7625723124'	'9451436359'	'9450697336'	'10109618964'	'12080296644'	'12561016091'	'13444301139'	'13943016924'	'11832159276'	'12833363370'	'14106956830'	'15890065020'	'16178162030'	'17933606353'
Bangladesh	'53369787319'	'53991289844'	'54724081491'	'60158929188'	'65108544250'	'69442943089'	'71819083684'	'79611888213'	'91631278239'	'1.02E+11'	'1.15E+11'	'1.29E+11'	'1.33E+11'	'1.50E+11'	'1.73E+11'	'1.95E+11'	'2.21E+11'	'2.50E+11'	'2.74E+11'	'3.03E+11'	'3.23E+11'
Bulgaria	'13245833844'	'14183497963'	'16402846413'	'21144983552'	'26157894737'	'29869283400'	'34379808889'	'44405101470'	'54438966420'	'52023504656'	'50682061053'	'57678241024'	'54300857424'	'55810138436'	'57082011260'	'50781996713'	'53953897624'	'59199447421'	'66363422450'	'68915416142'	'69889347433'
Bahrain	'9062898936'	'8976196809'	'9593510638'	'11074813830'	'13150159574'	'15968723404'	'18504760638'	'21730000000'	'25710904255'	'22938218085'	'25713271277'	'28776595745'	'30749308511'	'32539468085'	'33387712766'	'31050638298'	'32234973404'	'35473776596'	'37801462766'	'38652579787'	'34729228723'
Bahamas	'8076470000'	'8317830000'	'8881160000'	'8870090000'	'9055290000'	'9836200000'	'10167250000'	'10618340000'	'10526000000'	'9981960000'	'10095760000'	'10070450000'	'10720500000'	'10494600000'	'11142900000'	'11890600000'	'11992600000'	'12359700000'	'12837800000'	'13164400000'	'9907500000'
Bosnia_and_Herzegovina	'5567405599'	'5800774717'	'6728771314'	'8498560902'	'10157553968'	'11222953335'	'12864610863'	'15778767411'	'19112739398'	'17613836527'	'17176781046'	'18644723854'	'17221192466'	'18172335776'	'18560861389'	'16219819017'	'16914287349'	'18079075771'	'20177409351'	'20201323260'	'19946496563'
Belarus	'12736856828'	'12354820144'	'14594249023'	'17827791321'	'23144351852'	'30207567317'	'36954312354'	'45277399814'	'60763483146'	'50874078052'	'57222490769'	'61757788945'	'65685102555'	'75527984234'	'78813839984'	'56454734397'	'47722657821'	'54726595249'	'60031262269'	'64409647194'	'60258239056'
Belize	'832072450'	'868358750'	'925197950'	'983575600'	'1051386600'	'1102564900'	'1210603750'	'1271598050'	'1351338650'	'1317309450'	'1377177100'	'1460797903'	'1522897506'	'1579411253'	'1667335061'	'1721700991'	'1789304088'	'1858529677'	'1915899787'	'1982518541'	'1636280797'
Bermuda	'3480219000'	'3680483000'	'3937228000'	'4186525000'	'4484703000'	'4868136000'	'6144000000'	'6767000000'	'6980000000'	'6656000000'	'6634526000'	'6312691000'	'6378188000'	'6465756000'	'6413988000'	'6654541000'	'6899911000'	'7142316000'	'7224329000'	'7484113000'	'6842700000'
Bolivia	'8397912509'	'8141537938'	'7905485216'	'8082364868'	'8773451739'	'9549077869'	'11451869165'	'13120183157'	'16674324634'	'17339992165'	'19649631314'	'23963033431'	'27084497483'	'30659338880'	'32996188013'	'33000198248'	'33941126200'	'37508642165'	'40287647930'	'40895322844'	'36572764863'
Brazil	'6.55E+11'	'5.60E+11'	'5.10E+11'	'5.58E+11'	'6.69E+11'	'8.92E+11'	'1.11E+12'	'1.40E+12'	'1.70E+12'	'1.67E+12'	'2.21E+12'	'2.62E+12'	'2.47E+12'	'2.47E+12'	'2.46E+12'	'1.80E+12'	'1.80E+12'	'2.06E+12'	'1.92E+12'	'1.88E+12'	'1.44E+12'
Barbados	'3059500000'	'3054500000'	'3106500000'	'3209500000'	'3444500000'	'3819500000'	'4217500000'	'4674000000'	'4785000000'	'4465500000'	'4530000000'	'4657500000'	'4610000000'	'4677000000'	'4696500000'	'4715000000'	'4830000000'	'4978000000'	'5086500000'	'5209000000'	'4418000000'
Brunei_Darussalam	'6001153306'	'5601090584'	'5843329108'	'6557333085'	'7872333215'	'9531402848'	'11470703002'	'12247694247'	'14393099069'	'10732366286'	'13707370737'	'18525319978'	'19047940301'	'18093829923'	'17098342541'	'12930394938'	'11400854268'	'12128104859'	'13567351175'	'13469422959'	'12005825770'
Bhutan	'424464089.9'	'461444513.7'	'520849551.5'	'604041957.9'	'682523857'	'796938120.2'	'874989895.6'	'1168308517'	'1227808791'	'1234014292'	'1547991318'	'1777101317'	'1781281282'	'1756215665'	'1907090813'	'2003598213'	'2158972129'	'2450364928'	'2446866405'	'2535657069'	'2315437338'
Botswana	'5788329609'	'5489608300'	'5438857107'	'7511582173'	'8957467707'	'9918907108'	'10137883299'	'10939053365'	'10945070442'	'10267133178'	'12786654498'	'15351972361'	'14380004175'	'14901750991'	'15654660710'	'13578754072'	'15082578065'	'16088437675'	'16914245098'	'16593720656'	'15061922802'
Central_African_Republic	'914500299.1'	'931833302.8'	'991387870.1'	'1139754799'	'1270080251'	'1337362392'	'1460561215'	'1697565949'	'1985240986'	'2059094048'	'2142591376'	'2437982840'	'2510126699'	'1691544192'	'1894813505'	'1695825708'	'1825018191'	'2072349794'	'2220978978'	'2220307369'	'2380087758'
Canada	'7.45E+11'	'7.39E+11'	'7.61E+11'	'8.96E+11'	'1.03E+12'	'1.17E+12'	'1.32E+12'	'1.47E+12'	'1.55E+12'	'1.37E+12'	'1.62E+12'	'1.79E+12'	'1.83E+12'	'1.85E+12'	'1.81E+12'	'1.56E+12'	'1.53E+12'	'1.65E+12'	'1.73E+12'	'1.74E+12'	'1.65E+12'
Central_Europe_and_the_Baltics	'4.28E+11'	'4.69E+11'	'5.28E+11'	'6.34E+11'	'7.63E+11'	'8.87E+11'	'1.00E+12'	'1.27E+12'	'1.53E+12'	'1.29E+12'	'1.32E+12'	'1.45E+12'	'1.35E+12'	'1.42E+12'	'1.47E+12'	'1.29E+12'	'1.32E+12'	'1.46E+12'	'1.65E+12'	'1.67E+12'	'1.65E+12'
Switzerland	'2.80E+11'	'2.87E+11'	'3.10E+11'	'3.63E+11'	'4.06E+11'	'4.21E+11'	'4.44E+11'	'4.94E+11'	'5.70E+11'	'5.58E+11'	'6.03E+11'	'7.22E+11'	'6.92E+11'	'7.13E+11'	'7.34E+11'	'7.02E+11'	'6.96E+11'	'7.04E+11'	'7.36E+11'	'7.32E+11'	'7.52E+11'
Channel_Islands	'6439703435'	'6232906290'	'6663669065'	'7332244898'	'8553643354'	'8827272727'	'9676172953'	'11514605842'	'NULL'	'NULL'	'NULL'	'NULL'	'NULL'	'NULL'	'NULL'	'NULL'	'NULL'	'NULL'	'NULL'	'NULL'	'NULL'
Chile	'77860932152'	'70979923960'	'69736811435'	'75643459840'	'99210392858'	'1.23E+11'	'1.55E+11'	'1.74E+11'	'1.80E+11'	'1.72E+11'	'2.19E+11'	'2.52E+11'	'2.67E+11'	'2.78E+11'	'2.61E+11'	'2.44E+11'	'2.50E+11'	'2.77E+11'	'2.98E+11'	'2.79E+11'	'2.53E+11'
China	'1.21E+12'	'1.34E+12'	'1.47E+12'	'1.66E+12'	'1.96E+12'	'2.29E+12'	'2.75E+12'	'3.55E+12'	'4.59E+12'	'5.10E+12'	'6.09E+12'	'7.55E+12'	'8.53E+12'	'9.57E+12'	'1.05E+13'	'1.11E+13'	'1.12E+13'	'1.23E+13'	'1.39E+13'	'1.43E+13'	'1.47E+13'
Cote_dIvoire	'16577533355'	'16810536884'	'18054384023'	'21251755294'	'23510577108'	'24036917017'	'25281414473'	'28760092035'	'34078243426'	'33886814907'	'34936305297'	'36693712825'	'36302305578'	'42760237561'	'48843008580'	'45814637971'	'47964234560'	'51588158718'	'58011466451'	'58539424930'	'61348579465'
Cameroon	'10566578953'	'10953485244'	'12417251816'	'15970315751'	'18826215278'	'19509850837'	'20910513975'	'23928251334'	'27715144580'	'27932971683'	'27507499709'	'30630912185'	'30155064574'	'33728622819'	'36386546918'	'32210232912'	'33814337900'	'36098550142'	'39973839065'	'39670977333'	'40804449726'
Congo_Dem._Rep.	'19088046306'	'7438189100'	'8728038525'	'8937567060'	'10297483481'	'11964484668'	'14451902468'	'16737071816'	'19788515874'	'18648373312'	'21565720044'	'25839749199'	'29306235826'	'32679745298'	'35909040266'	'37917704900'	'37134799975'	'38019265626'	'47146004587'	'50400747050'	'48716960860'
Congo_Rep.	'3227927593'	'2796704577'	'3034251042'	'3503723245'	'4656975223'	'6647357442'	'8065134528'	'8771102025'	'11602893043'	'9684321633'	'13135580695'	'15634897273'	'17693924573'	'17953617927'	'17889079958'	'11885478502'	'10215989995'	'11090177747'	'13670036996'	'12750339023'	'10187122341'
Colombia	'99886577331'	'98211749596'	'97963003805'	'94641378693'	'1.17E+11'	'1.46E+11'	'1.62E+11'	'2.06E+11'	'2.42E+11'	'2.32E+11'	'2.87E+11'	'3.35E+11'	'3.71E+11'	'3.82E+11'	'3.81E+11'	'2.93E+11'	'2.83E+11'	'3.12E+11'	'3.34E+11'	'3.23E+11'	'2.71E+11'
Comoros	'351136568.4'	'378512003.4'	'425964697.4'	'546885185'	'633706149.3'	'653845122.9'	'698431827.7'	'795673128.5'	'915659192.8'	'905341090.6'	'907978723.5'	'1023086184'	'1015843369'	'1116224161'	'1149587652'	'966029542'	'1012835518'	'1077439663'	'1188797575'	'1192559739'	'1235400352'
Cabo_Verde	'539227277.6'	'563024383.3'	'620974660.2'	'813963830.2'	'924318490.8'	'971977088.2'	'1107891063'	'1513933983'	'1789333749'	'1711817182'	'1664310770'	'1865915544'	'1741809809'	'1850470042'	'1859898513'	'1596800287'	'1662998678'	'1768319144'	'1966503223'	'1981845741'	'1703698677'
Costa_Rica	'15013629659'	'15976174337'	'16578820687'	'17271760507'	'18610594846'	'20040642477'	'22715540324'	'26884700345'	'30801744881'	'30745712007'	'37658614803'	'42762617082'	'47231651863'	'50949672206'	'52016408951'	'56441917653'	'58847016045'	'60516043590'	'62420165100'	'64072870932'	'61846895121'
Caribbean_small_states	'34218221461'	'35249133311'	'36990732762'	'39545920854'	'43259612458'	'48918948094'	'55671360538'	'61875369660'	'70340114413'	'59411440870'	'64524447018'	'69668271733'	'72051115324'	'73345409464'	'74470922980'	'73243299833'	'69598702058'	'71693634217'	'75312833438'	'76173669481'	'66039332389'
Cuba	'30565400000'	'31682400000'	'33590500000'	'35901200000'	'38203000000'	'42643836100'	'52742800000'	'58603900000'	'60806300000'	'62080000000'	'64328000000'	'68990000000'	'73141000000'	'77148000000'	'80656000000'	'87133000000'	'91370000000'	'96851000000'	'1.00E+11'	'1.03E+11'	'1.07E+11'
Curacao	'NULL'	'NULL'	'NULL'	'NULL'	'NULL'	'NULL'	'NULL'	'NULL'	'NULL'	'NULL'	'NULL'	'3038699609'	'3131096089'	'3147616201'	'3158406034'	'3151910782'	'3122287933'	'3116610112'	'3127908045'	'3101787709'	'2595821709'
Cayman_Islands	'NULL'	'NULL'	'NULL'	'NULL'	'NULL'	'NULL'	'4200439458'	'4466438858'	'4586114125'	'4281868715'	'4156990760'	'4186223809'	'4291159006'	'4405954638'	'4563017881'	'4708336733'	'4909498980'	'5166467299'	'5522625585'	'5935769351'	'5591623665'
Cyprus	'9985844486'	'10397897086'	'11420227885'	'14547325028'	'17320552500'	'18433411267'	'20072786351'	'23968764030'	'27844698989'	'25945391775'	'25732432719'	'27565469098'	'24978513427'	'23900872626'	'23156850007'	'19842404305'	'20953442550'	'22870833710'	'25522671233'	'25758357775'	'24612646488'
Czech_Republic	'61828166496'	'67808032980'	'82196001051'	'1.00E+11'	'1.20E+11'	'1.37E+11'	'1.56E+11'	'1.90E+11'	'2.37E+11'	'2.07E+11'	'2.09E+11'	'2.30E+11'	'2.09E+11'	'2.12E+11'	'2.09E+11'	'1.88E+11'	'1.96E+11'	'2.19E+11'	'2.49E+11'	'2.52E+11'	'2.45E+11'
Germany	'1.95E+12'	'1.95E+12'	'2.08E+12'	'2.50E+12'	'2.81E+12'	'2.85E+12'	'2.99E+12'	'3.43E+12'	'3.75E+12'	'3.41E+12'	'3.40E+12'	'3.75E+12'	'3.53E+12'	'3.73E+12'	'3.89E+12'	'3.36E+12'	'3.47E+12'	'3.69E+12'	'3.98E+12'	'3.89E+12'	'3.85E+12'
Djibouti	'551230861.9'	'572417440.8'	'591122039.6'	'622044665.5'	'666072101.8'	'708633194.7'	'768873684'	'847918929.1'	'999105339.3'	'1049110685'	'1128611700'	'1239144502'	'1353632942'	'2042817163'	'2214679081'	'2430274292'	'2603540257'	'2751445574'	'3012803457'	'3324615549'	'3384385217'
Dominica	'333470370.4'	'340203703.7'	'333196296.3'	'343311111.1'	'367200000'	'364255555.6'	'390251851.9'	'421374074.1'	'458188888.9'	'489074074.1'	'493825925.9'	'501025925.9'	'485996296.3'	'498296296.3'	'520207407.4'	'540737037'	'576229629.6'	'519837037'	'550622222.2'	'611537037'	'504214814.8'
Denmark	'1.64E+11'	'1.65E+11'	'1.79E+11'	'2.18E+11'	'2.51E+11'	'2.64E+11'	'2.83E+11'	'3.19E+11'	'3.53E+11'	'3.21E+11'	'3.22E+11'	'3.44E+11'	'3.27E+11'	'3.44E+11'	'3.53E+11'	'3.03E+11'	'3.13E+11'	'3.32E+11'	'3.57E+11'	'3.48E+11'	'3.56E+11'
Dominican_Republic	'24305717542'	'25601765401'	'27137508657'	'21403167848'	'22322395368'	'35777570136'	'37879869898'	'43965420072'	'48122547177'	'48261033298'	'53860175556'	'58029750746'	'60681537196'	'62682163837'	'67179914027'	'71164825257'	'75704720190'	'79997975622'	'85555378043'	'88941299734'	'78844702329'
Algeria	'54790392746'	'54744712815'	'56760355865'	'67863828413'	'85332581189'	'1.03E+11'	'1.17E+11'	'1.35E+11'	'1.71E+11'	'1.37E+11'	'1.61E+11'	'2.00E+11'	'2.09E+11'	'2.10E+11'	'2.14E+11'	'1.66E+11'	'1.60E+11'	'1.70E+11'	'1.75E+11'	'1.72E+11'	'1.45E+11'
East_Asia_&_Pacific_excluding_high_income	'1.73E+12'	'1.85E+12'	'2.04E+12'	'2.31E+12'	'2.68E+12'	'3.11E+12'	'3.74E+12'	'4.73E+12'	'5.98E+12'	'6.48E+12'	'7.86E+12'	'9.61E+12'	'1.07E+13'	'1.18E+13'	'1.28E+13'	'1.33E+13'	'1.36E+13'	'1.48E+13'	'1.66E+13'	'1.71E+13'	'1.74E+13'
Earlydemographic_dividend	'3.38E+12'	'3.35E+12'	'3.26E+12'	'3.63E+12'	'4.22E+12'	'4.93E+12'	'5.63E+12'	'6.67E+12'	'7.52E+12'	'7.26E+12'	'8.80E+12'	'9.65E+12'	'1.01E+13'	'1.03E+13'	'1.06E+13'	'1.01E+13'	'1.03E+13'	'1.11E+13'	'1.12E+13'	'1.15E+13'	'1.07E+13'
East_Asia_&_Pacific	'8.37E+12'	'7.79E+12'	'7.91E+12'	'8.70E+12'	'9.75E+12'	'1.04E+13'	'1.10E+13'	'1.23E+13'	'1.42E+13'	'1.46E+13'	'1.70E+13'	'1.98E+13'	'2.11E+13'	'2.14E+13'	'2.20E+13'	'2.20E+13'	'2.27E+13'	'2.43E+13'	'2.64E+13'	'2.70E+13'	'2.71E+13'
Europe_&_Central_Asia_excluding_high_income	'7.00E+11'	'6.95E+11'	'7.97E+11'	'1.01E+12'	'1.33E+12'	'1.69E+12'	'2.07E+12'	'2.68E+12'	'3.32E+12'	'2.61E+12'	'3.12E+12'	'3.85E+12'	'4.09E+12'	'4.34E+12'	'4.05E+12'	'3.10E+12'	'2.97E+12'	'3.33E+12'	'3.42E+12'	'3.49E+12'	'3.22E+12'
Europe_&_Central_Asia	'1.01E+13'	'1.02E+13'	'1.11E+13'	'1.35E+13'	'1.58E+13'	'1.68E+13'	'1.82E+13'	'2.12E+13'	'2.34E+13'	'2.06E+13'	'2.10E+13'	'2.33E+13'	'2.25E+13'	'2.35E+13'	'2.38E+13'	'2.05E+13'	'2.05E+13'	'2.17E+13'	'2.32E+13'	'2.29E+13'	'2.21E+13'
Ecuador	'18327764882'	'24468324000'	'28548945000'	'32432858000'	'36591661000'	'41507085000'	'46802044000'	'51007777000'	'61762635000'	'62519686000'	'69555367000'	'79276664000'	'87924544000'	'95129659000'	'1.02E+11'	'99290381000'	'99937696000'	'1.04E+11'	'1.08E+11'	'1.08E+11'	'98808010000'
Egypt	'99838543960'	'96684636119'	'85146067416'	'80288461538'	'78782467532'	'89600665557'	'1.07E+11'	'1.30E+11'	'1.63E+11'	'1.89E+11'	'2.19E+11'	'2.36E+11'	'2.79E+11'	'2.88E+11'	'3.06E+11'	'3.29E+11'	'3.32E+11'	'2.36E+11'	'2.50E+11'	'3.03E+11'	'3.65E+11'
Euro_area	'6.50E+12'	'6.60E+12'	'7.20E+12'	'8.86E+12'	'1.02E+13'	'1.05E+13'	'1.12E+13'	'1.29E+13'	'1.42E+13'	'1.29E+13'	'1.26E+13'	'1.36E+13'	'1.26E+13'	'1.32E+13'	'1.35E+13'	'1.17E+13'	'1.20E+13'	'1.27E+13'	'1.37E+13'	'1.34E+13'	'1.30E+13'
Eritrea	'706370815.6'	'752368495.5'	'729321366.7'	'870247703.2'	'1109054005'	'1098425901'	'1211161880'	'1317974491'	'1380188800'	'1856695551'	'1589515447'	'2065001626'	'NULL'	'NULL'	'NULL'	'NULL'	'NULL'	'NULL'	'NULL'	'NULL'	'NULL'
Spain	'5.98E+11'	'6.28E+11'	'7.09E+11'	'9.07E+11'	'1.07E+12'	'1.15E+12'	'1.26E+12'	'1.47E+12'	'1.63E+12'	'1.49E+12'	'1.42E+12'	'1.48E+12'	'1.32E+12'	'1.36E+12'	'1.37E+12'	'1.20E+12'	'1.23E+12'	'1.31E+12'	'1.42E+12'	'1.39E+12'	'1.28E+12'
Estonia	'5686579748'	'6254649539'	'7367975888'	'9874013098'	'12145911801'	'14106790200'	'17022870405'	'22449129483'	'24341678629'	'19633031398'	'19523477326'	'23213994093'	'23019150071'	'25115753366'	'26634083965'	'22890762090'	'24072829277'	'26924385103'	'30489500905'	'31045591753'	'30650285472'
Ethiopia	'8242392104'	'8231326016'	'7850809498'	'8623691300'	'10131187261'	'12401139454'	'15280861835'	'19707616773'	'27066912635'	'32437389116'	'29933790334'	'31952763089'	'43310721414'	'47648211133'	'55612228234'	'64589334979'	'74296618481'	'81770791971'	'84269348327'	'95912590628'	'1.08E+11'
European_Union	'7.28E+12'	'7.39E+12'	'8.08E+12'	'9.93E+12'	'1.14E+13'	'1.19E+13'	'1.27E+13'	'1.47E+13'	'1.63E+13'	'1.48E+13'	'1.46E+13'	'1.58E+13'	'1.46E+13'	'1.53E+13'	'1.57E+13'	'1.36E+13'	'1.39E+13'	'1.48E+13'	'1.60E+13'	'1.57E+13'	'1.53E+13'
Fragile_and_conflict_affected_situations	'5.01E+11'	'4.94E+11'	'4.80E+11'	'4.98E+11'	'6.27E+11'	'7.85E+11'	'9.68E+11'	'1.18E+12'	'1.51E+12'	'1.44E+12'	'1.69E+12'	'1.54E+12'	'1.74E+12'	'1.81E+12'	'1.96E+12'	'1.56E+12'	'1.41E+12'	'1.44E+12'	'1.57E+12'	'1.66E+12'	'1.51E+12'
Finland	'1.26E+11'	'1.30E+11'	'1.40E+11'	'1.72E+11'	'1.97E+11'	'2.05E+11'	'2.17E+11'	'2.56E+11'	'2.86E+11'	'2.53E+11'	'2.49E+11'	'2.76E+11'	'2.58E+11'	'2.71E+11'	'2.75E+11'	'2.35E+11'	'2.41E+11'	'2.56E+11'	'2.76E+11'	'2.69E+11'	'2.70E+11'
Fiji	'1678239218'	'1652464201'	'1833279985'	'2300453634'	'2708078477'	'2980484920'	'3076305453'	'3378314600'	'3523185920'	'2870624636'	'3140508836'	'3774530616'	'3972012571'	'4190143206'	'4856963230'	'4682546863'	'4930204230'	'5353404422'	'5581371848'	'5496264766'	'4533883782'
France	'1.37E+12'	'1.38E+12'	'1.50E+12'	'1.84E+12'	'2.12E+12'	'2.20E+12'	'2.32E+12'	'2.66E+12'	'2.93E+12'	'2.70E+12'	'2.65E+12'	'2.87E+12'	'2.68E+12'	'2.81E+12'	'2.86E+12'	'2.44E+12'	'2.47E+12'	'2.60E+12'	'2.79E+12'	'2.73E+12'	'2.63E+12'
Faroe_Islands	'1058702725'	'1147654635'	'1262669892'	'1494011567'	'1688237552'	'1727792693'	'1984445416'	'2290133549'	'2432415998'	'2268387771'	'2320424601'	'2490807831'	'2366301252'	'2627049837'	'2850743875'	'2518096286'	'2738832687'	'2899226098'	'3051341336'	'3126293220'	'NULL'
Micronesia_Fed._Sts.	'233271800'	'240970900'	'242517200'	'245432900'	'240236000'	'250281900'	'253541900'	'256787200'	'263145100'	'280284600'	'296944100'	'311301600'	'327248700'	'317214400'	'319271200'	'316489900'	'332265200'	'366666800'	'401932300'	'408057100'	'410083600'
Gabon	'5080483464'	'5023265365'	'5335451308'	'6511903657'	'7770219480'	'9582783318'	'10327598801'	'12455410056'	'15571349776'	'12113699661'	'14372591916'	'18210308748'	'17170465294'	'17595745653'	'18203968002'	'14383107714'	'14023890620'	'14929488771'	'16867325127'	'16874405840'	'15316826192'
United_Kingdom	'1.66E+12'	'1.64E+12'	'1.78E+12'	'2.06E+12'	'2.42E+12'	'2.54E+12'	'2.72E+12'	'3.11E+12'	'2.94E+12'	'2.43E+12'	'2.49E+12'	'2.67E+12'	'2.72E+12'	'2.80E+12'	'3.09E+12'	'2.96E+12'	'2.72E+12'	'2.70E+12'	'2.90E+12'	'2.88E+12'	'2.76E+12'
Georgia	'3057475289'	'3219488664'	'3395728014'	'3991284895'	'5125365192'	'6410823633'	'7745394293'	'10172882371'	'12795076469'	'10766836277'	'12243505583'	'15107441447'	'16488403076'	'17189551521'	'17627003455'	'14953950557'	'15141758567'	'16242916916'	'17599700091'	'17477255562'	'15846489611'
Ghana	'4983024408'	'5314909954'	'6166330136'	'7632406553'	'8881368538'	'10744675210'	'20440893017'	'24827844950'	'28678701891'	'26048108185'	'32197272797'	'39337314810'	'41270954737'	'62823043706'	'54782847753'	'49406568433'	'56165172899'	'60406382899'	'67299280680'	'68337537816'	'68532281806'
Gibraltar	'NULL'	'NULL'	'NULL'	'NULL'	'NULL'	'NULL'	'NULL'	'NULL'	'NULL'	'NULL'	'NULL'	'NULL'	'NULL'	'NULL'	'NULL'	'NULL'	'NULL'	'NULL'	'NULL'	'NULL'	'NULL'
Guinea	'2995361141'	'2829435957'	'2950198649'	'3446441698'	'3635458133'	'2937071767'	'4220019243'	'6281917656'	'6964179194'	'6716904569'	'6853467858'	'6785137173'	'7638045254'	'8376613843'	'8778473615'	'8794202444'	'8595955581'	'10324668267'	'11857030337'	'13513809258'	'15681050917'
Gambia_The	'782915402.4'	'687408804.6'	'578236035.1'	'487038821.6'	'961900106.9'	'1027702254'	'1054113427'	'1279704745'	'1561763437'	'1450140386'	'1543292393'	'1409694554'	'1415006238'	'1375608956'	'1229460602'	'1378176868'	'1484579844'	'1504909753'	'1670670669'	'1812529105'	'1868086275'
GuineaBissau	'371095510'	'392621385.9'	'417806667.1'	'477458598.7'	'532062927.4'	'587029054.4'	'592365688.1'	'696910810.9'	'868154708.5'	'830126470'	'849878424.2'	'1099818652'	'989271229.6'	'1046087418'	'1054915645'	'1048229629'	'1179004941'	'1350177128'	'1504630121'	'1439638443'	'1431758243'
Equatorial_Guinea	'1045998496'	'1461139022'	'1806742742'	'2484745935'	'4410764339'	'8217369093'	'10086528699'	'13071718759'	'19749893536'	'15027795173'	'16314443429'	'21357343682'	'22388344124'	'21948834290'	'21765453087'	'13185496881'	'11240808847'	'12200913888'	'13097012189'	'11417278045'	'10021856754'
Greece	'1.30E+11'	'1.36E+11'	'1.55E+11'	'2.02E+11'	'2.41E+11'	'2.48E+11'	'2.74E+11'	'3.19E+11'	'3.56E+11'	'3.31E+11'	'2.97E+11'	'2.83E+11'	'2.42E+11'	'2.39E+11'	'2.35E+11'	'1.96E+11'	'1.93E+11'	'2.00E+11'	'2.12E+11'	'2.05E+11'	'1.89E+11'
Grenada	'520044370.4'	'520444185.2'	'540336925.9'	'591018407.4'	'599118592.6'	'695555555.6'	'698700666.7'	'758683592.6'	'825976037'	'771275555.6'	'771013259.3'	'778655925.9'	'799882259.3'	'842620111.1'	'911497407.4'	'997007925.9'	'1061640741'	'1125685185'	'1166523556'	'1212694407'	'1042100556'
Greenland	'1068030830'	'1086172923'	'1169138789'	'1558753434'	'1822486689'	'1849805733'	'2013099482'	'2249811709'	'2499107511'	'2529948330'	'2503156061'	'2684467376'	'2609667674'	'2684952727'	'2842048998'	'2499115623'	'2707146783'	'2851610656'	'3040414278'	'2982247279'	'NULL'
Guatemala	'19288827159'	'18405203853'	'20444205991'	'21576351799'	'23577286227'	'26783543667'	'29744368111'	'33567868323'	'38503862831'	'37125943565'	'40676432029'	'46876114650'	'49593961142'	'52996540704'	'57852399964'	'62186186576'	'66053725049'	'71654134379'	'73208583759'	'77020015201'	'77604632171'
Guam	'NULL'	'NULL'	'3394000000'	'3569000000'	'3869000000'	'4213000000'	'4238000000'	'4397000000'	'4658000000'	'4828000000'	'4949000000'	'4984000000'	'5265000000'	'5399000000'	'5610000000'	'5799000000'	'5901000000'	'6013000000'	'6060000000'	'6364000000'	'5844000000'
Guyana	'712667896.7'	'712167575.6'	'726131434.7'	'743064076.8'	'787814379.2'	'824880550.3'	'2379818383'	'2730971150'	'3025187924'	'3165663153'	'3432913073'	'3691384318'	'4063089192'	'4167800259'	'4127659492'	'4279840194'	'4482697337'	'4748174334'	'4787636237'	'5173760192'	'5471256595'
High_income	'2.77E+13'	'2.74E+13'	'2.86E+13'	'3.20E+13'	'3.57E+13'	'3.77E+13'	'3.98E+13'	'4.35E+13'	'4.63E+13'	'4.34E+13'	'4.55E+13'	'4.91E+13'	'4.92E+13'	'4.98E+13'	'5.09E+13'	'4.81E+13'	'4.91E+13'	'5.13E+13'	'5.46E+13'	'5.50E+13'	'5.35E+13'
Hong_Kong	'1.72E+11'	'1.69E+11'	'1.66E+11'	'1.61E+11'	'1.69E+11'	'1.82E+11'	'1.94E+11'	'2.12E+11'	'2.19E+11'	'2.14E+11'	'2.29E+11'	'2.49E+11'	'2.63E+11'	'2.76E+11'	'2.91E+11'	'3.09E+11'	'3.21E+11'	'3.41E+11'	'3.62E+11'	'3.63E+11'	'3.47E+11'
Honduras	'7103826902'	'7565854724'	'7775251510'	'8140278401'	'8772169959'	'9672023050'	'10841724917'	'12275500116'	'13789443623'	'14486159608'	'15729649159'	'17588098575'	'18400538859'	'18372173381'	'19618567250'	'20833948800'	'21566622850'	'22975415842'	'23900438564'	'24915522849'	'23662231634'
Heavily_indebted_poor_countries_HIPC	'1.76E+11'	'1.71E+11'	'1.85E+11'	'2.09E+11'	'2.41E+11'	'2.77E+11'	'3.26E+11'	'3.91E+11'	'4.66E+11'	'4.64E+11'	'5.05E+11'	'5.59E+11'	'5.79E+11'	'6.50E+11'	'6.88E+11'	'6.60E+11'	'6.68E+11'	'7.20E+11'	'7.68E+11'	'7.90E+11'	'7.98E+11'
Croatia	'21839780971'	'23273640257'	'27074550258'	'34985749883'	'41958833541'	'45780237257'	'50860788253'	'60542673503'	'70750646248'	'63084004705'	'60426018629'	'63169910822'	'57192346923'	'58889082315'	'58330289757'	'50163192883'	'52295158344'	'56214427431'	'62247874949'	'62246206341'	'57203783203'
Haiti	'6813577558'	'6331961555'	'6058134467'	'4826827577'	'6036959915'	'7184064657'	'7518107787'	'9522763154'	'10485225353'	'11597014807'	'11859315079'	'13008754111'	'13708926466'	'14902474091'	'15139264670'	'14833154472'	'13987693739'	'15035560373'	'16455034353'	'14785839383'	'14508218017'
Hungary	'47218405892'	'53749989092'	'67608919144'	'85302003908'	'1.04E+11'	'1.13E+11'	'1.16E+11'	'1.40E+11'	'1.58E+11'	'1.31E+11'	'1.32E+11'	'1.42E+11'	'1.29E+11'	'1.36E+11'	'1.41E+11'	'1.25E+11'	'1.29E+11'	'1.43E+11'	'1.61E+11'	'1.64E+11'	'1.56E+11'
IBRD_only	'5.85E+12'	'5.92E+12'	'6.01E+12'	'6.76E+12'	'8.06E+12'	'9.63E+12'	'1.14E+13'	'1.42E+13'	'1.70E+13'	'1.65E+13'	'2.01E+13'	'2.37E+13'	'2.52E+13'	'2.66E+13'	'2.75E+13'	'2.58E+13'	'2.60E+13'	'2.87E+13'	'3.05E+13'	'3.12E+13'	'2.99E+13'
IDA_&_IBRD_total	'6.39E+12'	'6.46E+12'	'6.59E+12'	'7.40E+12'	'8.81E+12'	'1.05E+13'	'1.25E+13'	'1.54E+13'	'1.85E+13'	'1.80E+13'	'2.17E+13'	'2.54E+13'	'2.70E+13'	'2.85E+13'	'2.96E+13'	'2.78E+13'	'2.79E+13'	'3.07E+13'	'3.26E+13'	'3.34E+13'	'3.21E+13'
IDA_total	'5.36E+11'	'5.39E+11'	'5.78E+11'	'6.44E+11'	'7.58E+11'	'8.86E+11'	'1.06E+12'	'1.24E+12'	'1.48E+12'	'1.46E+12'	'1.67E+12'	'1.67E+12'	'1.77E+12'	'1.92E+12'	'2.05E+12'	'2.02E+12'	'1.96E+12'	'2.03E+12'	'2.15E+12'	'2.24E+12'	'2.24E+12'
IDA_blend	'2.07E+11'	'2.06E+11'	'2.28E+11'	'2.56E+11'	'3.12E+11'	'3.73E+11'	'4.67E+11'	'5.38E+11'	'6.40E+11'	'6.07E+11'	'7.10E+11'	'8.14E+11'	'9.01E+11'	'9.78E+11'	'1.05E+12'	'1.01E+12'	'9.42E+11'	'9.25E+11'	'9.66E+11'	'9.98E+11'	'9.62E+11'
Indonesia	'1.65E+11'	'1.60E+11'	'1.96E+11'	'2.35E+11'	'2.57E+11'	'2.86E+11'	'3.65E+11'	'4.32E+11'	'5.10E+11'	'5.40E+11'	'7.55E+11'	'8.93E+11'	'9.18E+11'	'9.13E+11'	'8.91E+11'	'8.61E+11'	'9.32E+11'	'1.02E+12'	'1.04E+12'	'1.12E+12'	'1.06E+12'
IDA_only	'3.30E+11'	'3.33E+11'	'3.51E+11'	'3.88E+11'	'4.46E+11'	'5.13E+11'	'5.90E+11'	'6.99E+11'	'8.38E+11'	'8.57E+11'	'9.58E+11'	'8.58E+11'	'8.65E+11'	'9.43E+11'	'1.01E+12'	'1.01E+12'	'1.02E+12'	'1.10E+12'	'1.18E+12'	'1.24E+12'	'1.28E+12'
Isle_of_Man	'1563667800'	'1659131244'	'1947332922'	'2328658228'	'2822358473'	'3032400000'	'3422651334'	'4466100440'	'5928420956'	'5487083658'	'5920177689'	'6566098382'	'6690725118'	'7000748788'	'7708834951'	'7085288006'	'6846691871'	'6979581725'	'7491969313'	'7315388052'	'NULL'
India	'4.68E+11'	'4.85E+11'	'5.15E+11'	'6.08E+11'	'7.09E+11'	'8.20E+11'	'9.40E+11'	'1.22E+12'	'1.20E+12'	'1.34E+12'	'1.68E+12'	'1.82E+12'	'1.83E+12'	'1.86E+12'	'2.04E+12'	'2.10E+12'	'2.29E+12'	'2.65E+12'	'2.70E+12'	'2.87E+12'	'2.66E+12'
Not_classified	'NULL'	'NULL'	'NULL'	'NULL'	'NULL'	'NULL'	'NULL'	'NULL'	'NULL'	'NULL'	'NULL'	'NULL'	'NULL'	'NULL'	'NULL'	'NULL'	'NULL'	'NULL'	'NULL'	'NULL'	'NULL'
Ireland	'1.00E+11'	'1.09E+11'	'1.29E+11'	'1.65E+11'	'1.94E+11'	'2.12E+11'	'2.32E+11'	'2.70E+11'	'2.75E+11'	'2.36E+11'	'2.22E+11'	'2.39E+11'	'2.25E+11'	'2.38E+11'	'2.59E+11'	'2.92E+11'	'2.99E+11'	'3.35E+11'	'3.85E+11'	'3.99E+11'	'4.26E+11'
Iran	'1.10E+11'	'1.27E+11'	'1.29E+11'	'1.54E+11'	'1.90E+11'	'2.26E+11'	'2.66E+11'	'3.50E+11'	'4.12E+11'	'4.16E+11'	'4.87E+11'	'5.81E+11'	'5.99E+11'	'4.60E+11'	'4.33E+11'	'3.85E+11'	'4.18E+11'	'4.45E+11'	'2.94E+11'	'2.58E+11'	'2.03E+11'
Iraq	'48364250944'	'36176430129'	'32928454672'	'21921569479'	'36627901762'	'49954890353'	'65140147197'	'88837055195'	'1.32E+11'	'1.12E+11'	'1.39E+11'	'1.86E+11'	'2.18E+11'	'2.35E+11'	'2.28E+11'	'1.67E+11'	'1.67E+11'	'1.87E+11'	'2.27E+11'	'2.35E+11'	'1.67E+11'
Iceland	'9025660362'	'8234846805'	'9318395055'	'11429333038'	'13825302536'	'16852963067'	'17465318552'	'21652505597'	'18074622987'	'13154414219'	'13751161918'	'15221622926'	'14751508134'	'16125060515'	'17867662178'	'17517210519'	'20793168031'	'24728285177'	'26267063758'	'24857740445'	'21718075725'
Israel	'1.32E+11'	'1.31E+11'	'1.21E+11'	'1.27E+11'	'1.36E+11'	'1.43E+11'	'1.54E+11'	'1.79E+11'	'2.17E+11'	'2.08E+11'	'2.35E+11'	'2.62E+11'	'2.58E+11'	'2.94E+11'	'3.11E+11'	'3.00E+11'	'3.19E+11'	'3.55E+11'	'3.74E+11'	'3.98E+11'	'4.07E+11'
Italy	'1.15E+12'	'1.17E+12'	'1.28E+12'	'1.58E+12'	'1.81E+12'	'1.86E+12'	'1.95E+12'	'2.21E+12'	'2.41E+12'	'2.20E+12'	'2.14E+12'	'2.29E+12'	'2.09E+12'	'2.14E+12'	'2.16E+12'	'1.84E+12'	'1.88E+12'	'1.96E+12'	'2.09E+12'	'2.01E+12'	'1.89E+12'
Jamaica	'9005064475'	'9194717836'	'9719017926'	'9430230564'	'10174664854'	'11243868486'	'11930171468'	'12799593018'	'13709402085'	'12120460873'	'13220556883'	'14444655300'	'14807086889'	'14264202737'	'13899228824'	'14188935948'	'14077109397'	'14808989993'	'15730793853'	'15830768550'	'13812425037'
Jordan	'8460424401'	'8975689845'	'9582453032'	'10195660790'	'11411390409'	'12588665303'	'15056929760'	'17110587447'	'22657662393'	'24537876056'	'27133804225'	'29524149155'	'31634561690'	'34454440141'	'36847643521'	'38587017887'	'39892551127'	'41408960845'	'42932112676'	'44502895915'	'43697659296'
Japan	'4.97E+12'	'4.37E+12'	'4.18E+12'	'4.52E+12'	'4.89E+12'	'4.83E+12'	'4.60E+12'	'4.58E+12'	'5.11E+12'	'5.29E+12'	'5.76E+12'	'6.23E+12'	'6.27E+12'	'5.21E+12'	'4.90E+12'	'4.44E+12'	'5.00E+12'	'4.93E+12'	'5.04E+12'	'5.15E+12'	'5.06E+12'
Kazakhstan	'18291994909'	'22152694162'	'24636593223'	'30833699703'	'43151647003'	'57123671734'	'81003884545'	'1.05E+11'	'1.33E+11'	'1.15E+11'	'1.48E+11'	'1.93E+11'	'2.08E+11'	'2.37E+11'	'2.21E+11'	'1.84E+11'	'1.37E+11'	'1.67E+11'	'1.79E+11'	'1.82E+11'	'1.71E+11'
Kenya	'12705357103'	'12986007426'	'13147743911'	'14904517650'	'16095337094'	'18737897745'	'25825524821'	'31958195182'	'35895153328'	'42347217913'	'45405587557'	'46869457318'	'56396706006'	'61671425370'	'68285768554'	'70120413329'	'74815121315'	'82035800868'	'92202956321'	'1.01E+11'	'1.01E+11'
Kyrgyz	'1369688498'	'1525116370'	'1605643105'	'1919008090'	'2211534585'	'2460248026'	'2834168889'	'3802566171'	'5139957785'	'4690062255'	'4794357795'	'6197766119'	'6605139933'	'7335027592'	'7468096567'	'6678178340'	'6813092066'	'7702934800'	'8271108638'	'8871026074'	'7735976273'
Cambodia	'3654031716'	'3984000517'	'4284028483'	'4658246918'	'5337833248'	'6293046162'	'7274595707'	'8639235842'	'10351914093'	'10401851851'	'11242275199'	'12829541141'	'14054443213'	'15227991395'	'16702610842'	'18049954289'	'20016747754'	'22177200512'	'24571753583'	'27089389787'	'25808561551'
Kiribati	'67254174.4'	'63101272.37'	'72196457.68'	'90231856.8'	'102367039.3'	'112133944.3'	'110234939.8'	'132671743'	'141042610.3'	'132419902'	'156120439.3'	'181705153.6'	'190243432.8'	'185114059.6'	'179703165.4'	'171117816.7'	'178328984.1'	'187276124.8'	'200157020.6'	'188391770.6'	'197508774.3'
St._Kitts_and_Nevis	'421695769.8'	'458643829'	'481077373.7'	'469869869.9'	'506900000'	'547203703.7'	'644411111.1'	'689285185.2'	'751233333.3'	'747862963'	'760170370.4'	'817759259.3'	'800414814.8'	'839770370.4'	'916566666.7'	'923155555.6'	'1008888889'	'1060740741'	'1078518519'	'1164814815'	'980740740.7'
Korea_Rep.	'5.76E+11'	'5.48E+11'	'6.27E+11'	'7.03E+11'	'7.93E+11'	'9.35E+11'	'1.05E+12'	'1.17E+12'	'1.05E+12'	'9.44E+11'	'1.14E+12'	'1.25E+12'	'1.28E+12'	'1.37E+12'	'1.48E+12'	'1.47E+12'	'1.50E+12'	'1.62E+12'	'1.72E+12'	'1.65E+12'	'1.64E+12'
Kuwait	'37712842243'	'34887512227'	'38137545245'	'47876510067'	'59439090601'	'80798630137'	'1.02E+11'	'1.15E+11'	'1.47E+11'	'1.06E+11'	'1.15E+11'	'1.54E+11'	'1.74E+11'	'1.74E+11'	'1.63E+11'	'1.15E+11'	'1.09E+11'	'1.21E+11'	'1.38E+11'	'1.36E+11'	'1.06E+11'
Latin_America_&_Caribbean_excluding_high_income	'1.98E+12'	'1.93E+12'	'1.73E+12'	'1.77E+12'	'2.02E+12'	'2.45E+12'	'2.86E+12'	'3.38E+12'	'3.91E+12'	'3.64E+12'	'4.55E+12'	'5.31E+12'	'5.29E+12'	'5.43E+12'	'5.46E+12'	'4.65E+12'	'4.53E+12'	'5.05E+12'	'4.91E+12'	'4.85E+12'	'4.04E+12'
Lao_PDR	'1731198022'	'1768619058'	'1758176653'	'2023324407'	'2366398120'	'2735558726'	'3455031448'	'4223152219'	'5446434032'	'5836138127'	'7131773633'	'8750107402'	'10192848926'	'11983252611'	'13279248479'	'14426381187'	'15912495369'	'17071162084'	'18141651381'	'18897252233'	'19132635712'
Lebanon	'17260364842'	'17649751244'	'19152238806'	'20082918740'	'21159827992'	'21497336499'	'22022709852'	'24827355015'	'29118916106'	'35399582929'	'38443907042'	'39927125961'	'44035991893'	'46909335551'	'48133414840'	'50065946086'	'51389318291'	'53324800959'	'55276157552'	'51953744507'	'31735217785'
Liberia	'874000000'	'906000000'	'927000000'	'748000000'	'897000000'	'949000000'	'1119000000'	'1373000000'	'1726000000'	'1768000000'	'1998000000'	'2398000000'	'2791614000'	'3177198100'	'3225652000'	'3227075700'	'3398419600'	'3390703400'	'3422754800'	'3319596500'	'3201187800'
Libya	'38270206950'	'34110064452'	'20481889764'	'26265625000'	'33122307692'	'47334148578'	'54961936663'	'67516236338'	'87140405361'	'63028320702'	'74773444901'	'34699395524'	'81873662519'	'65502870174'	'41142722414'	'27842131480'	'26197143268'	'37883243650'	'52607888718'	'52091152228'	'25418916029'
St._Lucia	'932592592.6'	'892592592.6'	'900000000'	'987407407.4'	'1066666667'	'1135555556'	'1268319185'	'1336088815'	'1437731111'	'1401507889'	'1486758037'	'1576988407'	'1605146778'	'1664816741'	'1755130815'	'1808079889'	'1865513444'	'1996771444'	'2065127259'	'2118791556'	'1616772741'
Latin_America_&_Caribbean	'2.29E+12'	'2.24E+12'	'2.01E+12'	'2.05E+12'	'2.37E+12'	'2.86E+12'	'3.36E+12'	'3.95E+12'	'4.59E+12'	'4.32E+12'	'5.35E+12'	'6.09E+12'	'6.15E+12'	'6.30E+12'	'6.43E+12'	'5.37E+12'	'5.25E+12'	'5.83E+12'	'5.70E+12'	'5.63E+12'	'4.73E+12'
Least_developed_countries_UN_classification	'2.17E+11'	'2.12E+11'	'2.30E+11'	'2.58E+11'	'2.99E+11'	'3.53E+11'	'4.10E+11'	'4.92E+11'	'6.00E+11'	'5.97E+11'	'6.73E+11'	'7.75E+11'	'8.15E+11'	'8.93E+11'	'9.63E+11'	'9.45E+11'	'9.36E+11'	'1.02E+12'	'1.06E+12'	'1.11E+12'	'1.11E+12'
Low_income	'1.88E+11'	'1.88E+11'	'2.02E+11'	'2.21E+11'	'2.59E+11'	'3.08E+11'	'3.58E+11'	'4.31E+11'	'5.16E+11'	'5.22E+11'	'5.78E+11'	'4.04E+11'	'3.84E+11'	'3.95E+11'	'4.24E+11'	'4.18E+11'	'3.87E+11'	'4.09E+11'	'4.26E+11'	'4.48E+11'	'4.60E+11'
Liechtenstein	'2483953103'	'2491822707'	'2688630823'	'3070691320'	'3454362686'	'3659251526'	'4000239273'	'4601299567'	'5081432924'	'4504549214'	'5082366478'	'5739977477'	'5456009385'	'6391735894'	'6657170923'	'6268391521'	'6237264055'	'6474256119'	'6839145107'	'6684443550'	'NULL'
Sri_Lanka	'16330814180'	'15749753805'	'16536535647'	'18881765437'	'20662525941'	'24405791045'	'28279814925'	'32350248411'	'40713812310'	'42066217872'	'56725749222'	'65292753005'	'68434409315'	'74317806538'	'79356449841'	'80604080689'	'82401038710'	'87428128124'	'87963042341'	'83990946939'	'80676681934'
Lower_middle_income	'1.51E+12'	'1.54E+12'	'1.65E+12'	'1.89E+12'	'2.20E+12'	'2.55E+12'	'3.03E+12'	'3.72E+12'	'4.21E+12'	'4.28E+12'	'5.20E+12'	'5.94E+12'	'6.23E+12'	'6.34E+12'	'6.60E+12'	'6.46E+12'	'6.74E+12'	'7.25E+12'	'7.35E+12'	'7.74E+12'	'7.38E+12'
Low_&_middle_income	'6.00E+12'	'6.06E+12'	'6.22E+12'	'7.01E+12'	'8.32E+12'	'9.92E+12'	'1.18E+13'	'1.46E+13'	'1.74E+13'	'1.70E+13'	'2.06E+13'	'2.42E+13'	'2.58E+13'	'2.73E+13'	'2.82E+13'	'2.68E+13'	'2.69E+13'	'2.96E+13'	'3.14E+13'	'3.22E+13'	'3.10E+13'
Lesotho	'887295267.9'	'825706961.2'	'775780697.7'	'1157832935'	'1511236656'	'1682350935'	'1800105590'	'1682016947'	'1766825413'	'1740830511'	'2234731974'	'2579421686'	'2477702253'	'2367113170'	'2441053176'	'2359759799'	'2114323794'	'2306843529'	'2514146888'	'2366213069'	'1875227642'
Latedemographic_dividend	'3.40E+12'	'3.52E+12'	'3.73E+12'	'4.25E+12'	'5.11E+12'	'6.16E+12'	'7.44E+12'	'9.37E+12'	'1.16E+13'	'1.13E+13'	'1.35E+13'	'1.65E+13'	'1.76E+13'	'1.90E+13'	'1.97E+13'	'1.85E+13'	'1.85E+13'	'2.06E+13'	'2.25E+13'	'2.30E+13'	'2.24E+13'
Lithuania	'11524776867'	'12237388002'	'14259781159'	'18781721376'	'22627507452'	'26097677572'	'30183575104'	'39697891352'	'47797551588'	'37388122046'	'37128694028'	'43535051482'	'42927454291'	'46523420074'	'48533659592'	'41435533340'	'43047309306'	'47758736932'	'53750911866'	'54697379017'	'56546957475'
Luxembourg	'21230182989'	'21387533703'	'23649833332'	'29667268248'	'35064843793'	'37672280120'	'42910146296'	'51587401416'	'58844277702'	'54467289898'	'56213985987'	'61696281326'	'59776383527'	'65203276467'	'68804811898'	'60071584216'	'62216885436'	'65712180343'	'71285019397'	'70195715496'	'73353132794'
Latvia	'7958852839'	'8362398702'	'9557031605'	'11771975157'	'14435700533'	'17003459863'	'21570076499'	'31054350978'	'35854274229'	'26410909091'	'23956163077'	'27474380566'	'28169902669'	'30204783462'	'31386896487'	'27263090547'	'28083597512'	'30483806018'	'34429023435'	'34308783825'	'33707320816'
Macao_SAR_China	'6774193548'	'6860272608'	'7371723056'	'8246521717'	'10643215078'	'12160002996'	'14874147024'	'18439876056'	'21027044551'	'21587740942'	'28241858489'	'36845925519'	'43189526778'	'51536304808'	'54903031138'	'45047964934'	'45070605746'	'50440941939'	'55284360483'	'55204758070'	'25586111076'
St._Martin_French_part	'NULL'	'NULL'	'NULL'	'NULL'	'NULL'	'NULL'	'NULL'	'NULL'	'NULL'	'NULL'	'NULL'	'NULL'	'NULL'	'NULL'	'NULL'	'NULL'	'NULL'	'NULL'	'NULL'	'NULL'	'NULL'
Morocco	'38857251336'	'39459581217'	'42236836821'	'52064058834'	'59626020162'	'62343022651'	'68640825481'	'79041294874'	'92507257784'	'92897320376'	'93216746662'	'1.01E+11'	'98266306615'	'1.07E+11'	'1.10E+11'	'1.01E+11'	'1.03E+11'	'1.10E+11'	'1.18E+11'	'1.20E+11'	'1.15E+11'
Monaco	'2647885849'	'2718868306'	'2968987019'	'3601321065'	'4137913500'	'4203084194'	'4582988333'	'5867916781'	'6476490406'	'5451653237'	'5367625613'	'6088808463'	'5743029680'	'6555983530'	'7069616049'	'6261622101'	'6472990923'	'6431314957'	'7194024563'	'7383745662'	'6816219303'
Moldova	'1288429392'	'1480673594'	'1661818168'	'1980907435'	'2598249556'	'2988348836'	'3408244549'	'4401189466'	'6054849885'	'5439422031'	'6974960345'	'8414360656'	'8709165249'	'9496684701'	'9510219299'	'7745231660'	'8071480541'	'9669759987'	'11456728401'	'11970233940'	'11915547263'
Madagascar	'4629247091'	'5438332738'	'5351701534'	'6372498720'	'5064732716'	'5859269849'	'6395712392'	'8524620739'	'10725137931'	'9616879571'	'9982711338'	'11551819618'	'11578974888'	'12423555269'	'12522957228'	'11323020829'	'11848613735'	'13176313594'	'13760033097'	'14104664515'	'13056079982'
Maldives	'624337145.3'	'870030468.6'	'897031250'	'1052121055'	'1226829563'	'1163362438'	'1575200391'	'1868383461'	'2271646188'	'2345294875'	'2588176055'	'2774351760'	'2886170572'	'3295011382'	'3697351597'	'4109424800'	'4379136462'	'4754175869'	'5300962660'	'5607762625'	'3742769967'
Middle_East_&_North_Africa	'1.05E+12'	'1.04E+12'	'1.04E+12'	'1.15E+12'	'1.36E+12'	'1.63E+12'	'1.91E+12'	'2.26E+12'	'2.82E+12'	'2.55E+12'	'2.97E+12'	'3.29E+12'	'3.56E+12'	'3.51E+12'	'3.52E+12'	'3.10E+12'	'3.11E+12'	'3.23E+12'	'3.37E+12'	'3.41E+12'	'3.04E+12'
Mexico	'7.08E+11'	'7.57E+11'	'7.72E+11'	'7.29E+11'	'7.82E+11'	'8.77E+11'	'9.75E+11'	'1.05E+12'	'1.11E+12'	'9.00E+11'	'1.06E+12'	'1.18E+12'	'1.20E+12'	'1.27E+12'	'1.32E+12'	'1.17E+12'	'1.08E+12'	'1.16E+12'	'1.22E+12'	'1.27E+12'	'1.07E+12'
Marshall_Islands	'115347500'	'122824000'	'131738200'	'131398500'	'132440200'	'136559500'	'141515800'	'148346700'	'151898900'	'149769600'	'160407100'	'172188500'	'180436300'	'184840400'	'182142800'	'183814300'	'201510900'	'213204100'	'221588900'	'239462200'	'244462400'
Middle_income	'5.82E+12'	'5.88E+12'	'6.02E+12'	'6.80E+12'	'8.07E+12'	'9.62E+12'	'1.14E+13'	'1.41E+13'	'1.69E+13'	'1.65E+13'	'2.00E+13'	'2.38E+13'	'2.54E+13'	'2.69E+13'	'2.78E+13'	'2.64E+13'	'2.66E+13'	'2.92E+13'	'3.10E+13'	'3.18E+13'	'3.05E+13'
North_Macedonia	'3772857145'	'3709637830'	'4018365247'	'4946292775'	'5682788267'	'6258600714'	'6861222332'	'8336478142'	'9909548411'	'9401731496'	'9407168702'	'10494632699'	'9745251126'	'10817712139'	'11362272838'	'10064515432'	'10672471861'	'11307058382'	'12683070061'	'12606338449'	'12263710123'
Mali	'2961476518'	'3468327017'	'3908139487'	'4714051055'	'5454228771'	'6247496491'	'6905876385'	'8156532186'	'9838404005'	'10232036863'	'10689167195'	'12995113407'	'12442036265'	'13242691430'	'14364937997'	'13104764334'	'14026048691'	'15365714371'	'17070866299'	'17280251194'	'17465392916'
Malta	'4069515579'	'4088368978'	'4470446391'	'5448415500'	'6098092551'	'6416184181'	'6778324050'	'7925371475'	'9090406767'	'8696366907'	'9035932122'	'9638916481'	'9462238211'	'10551661177'	'11626281387'	'11091434484'	'11721521913'	'13221298308'	'14864712990'	'15215714309'	'14647384608'
Myanmar	'6849321646'	'6220271055'	'6110633154'	'7754647428'	'9390855298'	'10588433069'	'11863016315'	'15591182545'	'23013015832'	'29455165595'	'37796052939'	'54118601975'	'58318677645'	'60572254371'	'63264891867'	'63045306514'	'60291738935'	'61449391917'	'67144726168'	'68697761477'	'79852046611'
Middle_East_&_North_Africa_excluding_high_income	'5.32E+11'	'5.38E+11'	'5.23E+11'	'5.72E+11'	'6.79E+11'	'8.02E+11'	'9.30E+11'	'1.14E+12'	'1.41E+12'	'1.37E+12'	'1.58E+12'	'1.57E+12'	'1.70E+12'	'1.57E+12'	'1.55E+12'	'1.39E+12'	'1.40E+12'	'1.38E+12'	'1.32E+12'	'1.34E+12'	'1.20E+12'
Montenegro	'984297589.4'	'1159869246'	'1284685051'	'1707710053'	'2073234418'	'2257174481'	'2721903149'	'3680711744'	'4545674528'	'4159330370'	'4143033276'	'4544516982'	'4087725813'	'4464260489'	'4587928884'	'4052913386'	'4374128319'	'4844592067'	'5504166667'	'5542674317'	'4769860741'
Mongolia	'1136896124'	'1267997934'	'1396555720'	'1595297356'	'1992066808'	'2523471532'	'3414055566'	'4234999823'	'5623216449'	'4583850368'	'7189481824'	'10409797649'	'12292770631'	'12582122604'	'12226514722'	'11619892396'	'11181350461'	'11480847745'	'13178094459'	'14206359007'	'13312981595'
Northern_Mariana_Islands	'NULL'	'NULL'	'1284000000'	'1239000000'	'1210000000'	'1061000000'	'990000000'	'938000000'	'939000000'	'795000000'	'799000000'	'729000000'	'746000000'	'772000000'	'832000000'	'910000000'	'1230000000'	'1560000000'	'1302000000'	'1182000000'	'NULL'
Mozambique	'5656473652'	'5398568544'	'5677003239'	'6303391144'	'7631120533'	'8542070110'	'9176889070'	'10450843291'	'12556195189'	'11914471497'	'11104648673'	'14381552433'	'16350804543'	'16974320551'	'17716084108'	'15950969019'	'11936999283'	'13219084261'	'14845870051'	'15384701798'	'14019446610'
Mauritania	'1779523344'	'1746064719'	'1777058593'	'2051147607'	'2362501023'	'2936019526'	'3919577286'	'4346206809'	'5206444407'	'4714592493'	'5628882266'	'6764635687'	'6728208836'	'7223063170'	'6592537782'	'6166857629'	'6398744505'	'6799075419'	'7354430040'	'7889662452'	'7913680231'
Mauritius	'4663313620'	'4613630623'	'4841310240'	'5816553827'	'6578844486'	'6488750453'	'7028803366'	'8150138757'	'9990370016'	'9128843109'	'10003670690'	'11518393367'	'11668685524'	'12129642296'	'12803445934'	'11692287066'	'12232463656'	'13259351418'	'14181951059'	'14045808843'	'10920606198'
Malawi	'1743506531'	'1716502862'	'3495748398'	'3208837077'	'3476094499'	'3655909664'	'3998020177'	'4432937046'	'5321012192'	'6191127665'	'6959655571'	'8004000737'	'6028487929'	'5518880769'	'6047813437'	'6373212641'	'5433040160'	'8943543677'	'9880675786'	'11025357838'	'12182348213'
Malaysia	'93789736842'	'92783947368'	'1.01E+11'	'1.10E+11'	'1.25E+11'	'1.44E+11'	'1.63E+11'	'1.94E+11'	'2.31E+11'	'2.02E+11'	'2.55E+11'	'2.98E+11'	'3.14E+11'	'3.23E+11'	'3.38E+11'	'3.01E+11'	'3.01E+11'	'3.19E+11'	'3.59E+11'	'3.65E+11'	'3.37E+11'
North_America	'1.10E+13'	'1.13E+13'	'1.17E+13'	'1.24E+13'	'1.32E+13'	'1.42E+13'	'1.51E+13'	'1.59E+13'	'1.63E+13'	'1.58E+13'	'1.66E+13'	'1.73E+13'	'1.80E+13'	'1.86E+13'	'1.93E+13'	'1.98E+13'	'2.03E+13'	'2.12E+13'	'2.23E+13'	'2.32E+13'	'2.26E+13'
Namibia	'3922247990'	'3557333364'	'3349184760'	'4926471294'	'6609198833'	'7248394160'	'8001779551'	'8839526452'	'8607475308'	'8938868165'	'11431334447'	'12523402329'	'13042007432'	'12043276397'	'12435416060'	'11335179562'	'10721994677'	'12895153160'	'13682062249'	'12496781720'	'10619194505'
New_Caledonia	'3420032042'	'3297734886'	'3740056751'	'4915353825'	'5895008985'	'6238629462'	'6979155409'	'8819917187'	'9067619729'	'8704438061'	'9364350065'	'10351448025'	'9659151909'	'10151382877'	'10635035550'	'8738203042'	'8724568971'	'9173670000'	'9846920284'	'9438127994'	'NULL'
Niger	'2241753120'	'2448714681'	'2782192987'	'3394084885'	'3760443966'	'4383315657'	'4756361480'	'5731485267'	'7297600897'	'7352131669'	'7851191899'	'8772951262'	'9426913349'	'10224897935'	'10862944204'	'9683867894'	'10398862245'	'11185102400'	'12808660528'	'12916455161'	'13741378450'
Nigeria	'69448756933'	'74030364472'	'95385819321'	'1.05E+11'	'1.36E+11'	'1.76E+11'	'2.36E+11'	'2.76E+11'	'3.39E+11'	'2.95E+11'	'3.61E+11'	'4.05E+11'	'4.56E+11'	'5.09E+11'	'5.47E+11'	'4.87E+11'	'4.05E+11'	'3.76E+11'	'3.97E+11'	'4.48E+11'	'4.32E+11'
Nicaragua	'5107329007'	'5323146566'	'5224213018'	'5322454926'	'5795568205'	'6321335612'	'6763418646'	'7423421958'	'8496946608'	'8298679909'	'8758592272'	'9774262742'	'10532006608'	'10982979274'	'11880434071'	'12756706583'	'13286083645'	'13785876629'	'13025239912'	'12611218627'	'12621505383'
Netherlands	'4.17E+11'	'4.32E+11'	'4.74E+11'	'5.80E+11'	'6.58E+11'	'6.85E+11'	'7.34E+11'	'8.49E+11'	'9.52E+11'	'8.72E+11'	'8.47E+11'	'9.05E+11'	'8.39E+11'	'8.77E+11'	'8.92E+11'	'7.66E+11'	'7.84E+11'	'8.34E+11'	'9.14E+11'	'9.10E+11'	'9.14E+11'
Norway	'1.71E+11'	'1.74E+11'	'1.96E+11'	'2.29E+11'	'2.65E+11'	'3.09E+11'	'3.46E+11'	'4.01E+11'	'4.62E+11'	'3.86E+11'	'4.29E+11'	'4.98E+11'	'5.10E+11'	'5.23E+11'	'4.98E+11'	'3.86E+11'	'3.69E+11'	'3.98E+11'	'4.37E+11'	'4.05E+11'	'3.62E+11'
Nepal	'5494252208'	'6007055042'	'6050875807'	'6330473097'	'7273938315'	'8130258041'	'9043715356'	'10325618017'	'12545438605'	'12854985464'	'16002656434'	'21621710003'	'21703106502'	'22162208956'	'22731602970'	'24360795410'	'24524098184'	'28971589213'	'33111525183'	'34186180695'	'33657175561'
Nauru	'NULL'	'NULL'	'NULL'	'NULL'	'NULL'	'NULL'	'NULL'	'NULL'	'NULL'	'NULL'	'47564520.39'	'66055407.67'	'96927201.48'	'98491843.64'	'104654365.2'	'86529661.37'	'99723394.96'	'109359680.2'	'124021393.7'	'118724073.8'	'114626625.6'
New_Zealand	'52623281957'	'53872425917'	'66627729311'	'88250885550'	'1.04E+11'	'1.15E+11'	'1.12E+11'	'1.37E+11'	'1.33E+11'	'1.21E+11'	'1.47E+11'	'1.68E+11'	'1.76E+11'	'1.91E+11'	'2.01E+11'	'1.78E+11'	'1.89E+11'	'2.07E+11'	'2.12E+11'	'2.13E+11'	'2.11E+11'
OECD_members	'2.76E+13'	'2.74E+13'	'2.86E+13'	'3.19E+13'	'3.56E+13'	'3.76E+13'	'3.97E+13'	'4.34E+13'	'4.61E+13'	'4.31E+13'	'4.52E+13'	'4.86E+13'	'4.86E+13'	'4.92E+13'	'5.03E+13'	'4.75E+13'	'4.84E+13'	'5.05E+13'	'5.35E+13'	'5.40E+13'	'5.24E+13'
Oman	'19507452536'	'19452000520'	'20142756047'	'21633708192'	'24763712874'	'31081991678'	'37215779714'	'42085379454'	'60905452536'	'48388363589'	'64993498049'	'77497529259'	'87408842653'	'89936020806'	'92699089727'	'78710793238'	'75128738622'	'80856697009'	'91505851756'	'88060858257'	'73971391417'
Other_small_states	'91409484062'	'90943070776'	'98114311646'	'1.22E+11'	'1.52E+11'	'1.84E+11'	'2.16E+11'	'2.64E+11'	'3.23E+11'	'2.77E+11'	'3.22E+11'	'3.97E+11'	'4.14E+11'	'4.32E+11'	'4.46E+11'	'3.70E+11'	'3.66E+11'	'3.98E+11'	'4.42E+11'	'4.33E+11'	'3.76E+11'
Pakistan	'82017743416'	'79484403985'	'79904985385'	'91760542940'	'1.08E+11'	'1.20E+11'	'1.37E+11'	'1.52E+11'	'1.70E+11'	'1.68E+11'	'1.77E+11'	'2.14E+11'	'2.24E+11'	'2.31E+11'	'2.44E+11'	'2.71E+11'	'2.79E+11'	'3.05E+11'	'3.15E+11'	'2.79E+11'	'2.63E+11'
Panama	'12304115000'	'12502013400'	'12994310400'	'13693981200'	'15013381700'	'16374393900'	'18141666300'	'21295984230'	'25155888616'	'27116635565'	'29440287581'	'34686224301'	'40429734384'	'45599994005'	'49921464365'	'54091713776'	'57907695409'	'62202725204'	'64929409212'	'66984427150'	'53977036995'
Peru	'51744749133'	'52030158775'	'54777553515'	'58731030122'	'66768703498'	'76060606061'	'88643193062'	'1.02E+11'	'1.21E+11'	'1.21E+11'	'1.48E+11'	'1.72E+11'	'1.93E+11'	'2.01E+11'	'2.01E+11'	'1.90E+11'	'1.92E+11'	'2.11E+11'	'2.23E+11'	'2.28E+11'	'2.02E+11'
Philippines	'83669693589'	'78921234457'	'84307291974'	'87039145965'	'95002028505'	'1.07E+11'	'1.28E+11'	'1.56E+11'	'1.82E+11'	'1.76E+11'	'2.08E+11'	'2.34E+11'	'2.62E+11'	'2.84E+11'	'2.97E+11'	'3.06E+11'	'3.19E+11'	'3.28E+11'	'3.47E+11'	'3.77E+11'	'3.61E+11'
Palau	'146297500'	'156907900'	'163184900'	'153963200'	'165186200'	'190452900'	'192382400'	'198897700'	'198283900'	'187522800'	'185943000'	'196911100'	'212397800'	'221117200'	'241669800'	'280457700'	'298300000'	'285300000'	'284700000'	'274200000'	'257700000'
Papua_New_Guinea	'3521339699'	'3081024212'	'2999511040'	'3536411824'	'3927157867'	'4865892972'	'8355006707'	'9545177014'	'11670840932'	'11619637799'	'14250755231'	'17984910502'	'21295659244'	'21261432791'	'23210682538'	'21723531173'	'20759069103'	'22742613554'	'24109509853'	'24751344552'	'24668899683'
Poland	'1.72E+11'	'1.91E+11'	'1.99E+11'	'2.18E+11'	'2.55E+11'	'3.06E+11'	'3.45E+11'	'4.29E+11'	'5.34E+11'	'4.40E+11'	'4.80E+11'	'5.28E+11'	'4.99E+11'	'5.21E+11'	'5.42E+11'	'4.78E+11'	'4.73E+11'	'5.27E+11'	'5.87E+11'	'5.97E+11'	'5.97E+11'
Predemographic_dividend	'2.78E+11'	'2.65E+11'	'3.04E+11'	'3.30E+11'	'4.13E+11'	'5.15E+11'	'6.48E+11'	'7.84E+11'	'9.82E+11'	'8.92E+11'	'1.04E+12'	'1.20E+12'	'1.31E+12'	'1.44E+12'	'1.51E+12'	'1.32E+12'	'1.21E+12'	'1.26E+12'	'1.34E+12'	'1.41E+12'	'1.29E+12'
Puerto_Rico	'61701800000'	'69208400000'	'71623500000'	'74827400000'	'80322313000'	'83914521300'	'87276164400'	'89524131600'	'93639300000'	'96385600000'	'98381300000'	'1.00E+11'	'1.02E+11'	'1.02E+11'	'1.02E+11'	'1.03E+11'	'1.04E+11'	'1.03E+11'	'1.01E+11'	'1.05E+11'	'1.03E+11'
Korea	'NULL'	'NULL'	'NULL'	'NULL'	'NULL'	'NULL'	'NULL'	'NULL'	'NULL'	'NULL'	'NULL'	'NULL'	'NULL'	'NULL'	'NULL'	'NULL'	'NULL'	'NULL'	'NULL'	'NULL'	'NULL'
Portugal	'1.19E+11'	'1.22E+11'	'1.35E+11'	'1.65E+11'	'1.89E+11'	'1.97E+11'	'2.09E+11'	'2.40E+11'	'2.63E+11'	'2.45E+11'	'2.38E+11'	'2.45E+11'	'2.16E+11'	'2.26E+11'	'2.30E+11'	'1.99E+11'	'2.06E+11'	'2.21E+11'	'2.42E+11'	'2.40E+11'	'2.29E+11'
Paraguay	'8855705140'	'8495806432'	'7196260657'	'7691367471'	'9624440836'	'10737500188'	'13429430050'	'17856270473'	'24616537618'	'22355601273'	'27237782850'	'33756238767'	'33296438306'	'38651334288'	'40377987209'	'36211372703'	'36089550659'	'38997129474'	'40225448341'	'37906944075'	'35670301496'
West_Bank_and_Gaza	'4313600000'	'4003700000'	'3555800000'	'3968000000'	'4603100000'	'5125700000'	'5348300000'	'5815700000'	'7310400000'	'8085700000'	'9681500000'	'11186100000'	'12208400000'	'13515500000'	'13989700000'	'13972400000'	'15405400000'	'16128000000'	'16276600000'	'17133500000'	'15561300000'
Pacific_island_small_states	'3444921970'	'3395627477'	'3564053883'	'4178053089'	'4818328915'	'5329582224'	'5613654073'	'6192507725'	'6609313729'	'5916221065'	'6566818383'	'7713181064'	'8186804963'	'8498136739'	'9226234551'	'9019345254'	'9456355296'	'10212037558'	'10656209173'	'10641343380'	'9530487872'
Postdemographic_dividend	'2.64E+13'	'2.61E+13'	'2.73E+13'	'3.06E+13'	'3.40E+13'	'3.57E+13'	'3.76E+13'	'4.10E+13'	'4.34E+13'	'4.09E+13'	'4.26E+13'	'4.58E+13'	'4.57E+13'	'4.62E+13'	'4.72E+13'	'4.46E+13'	'4.57E+13'	'4.76E+13'	'5.05E+13'	'5.10E+13'	'4.96E+13'
French_Polynesia	'3447543203'	'NULL'	'NULL'	'NULL'	'NULL'	'NULL'	'NULL'	'NULL'	'NULL'	'NULL'	'NULL'	'NULL'	'NULL'	'NULL'	'NULL'	'NULL'	'NULL'	'NULL'	'NULL'	'NULL'	'NULL'
Qatar	'17759890110'	'17538461538'	'19363736264'	'23533791209'	'31734065934'	'44530494505'	'60882142857'	'79712087912'	'1.15E+11'	'97798351648'	'1.25E+11'	'1.68E+11'	'1.87E+11'	'1.99E+11'	'2.06E+11'	'1.62E+11'	'1.52E+11'	'1.61E+11'	'1.83E+11'	'1.76E+11'	'1.44E+11'
Romania	'37253259017'	'40394824679'	'46066101951'	'57806506024'	'74972669057'	'98452791983'	'1.22E+11'	'1.75E+11'	'2.14E+11'	'1.74E+11'	'1.66E+11'	'1.83E+11'	'1.71E+11'	'1.91E+11'	'2.00E+11'	'1.78E+11'	'1.88E+11'	'2.12E+11'	'2.41E+11'	'2.50E+11'	'2.49E+11'
Russia	'2.60E+11'	'3.07E+11'	'3.45E+11'	'4.30E+11'	'5.91E+11'	'7.64E+11'	'9.90E+11'	'1.30E+12'	'1.66E+12'	'1.22E+12'	'1.52E+12'	'2.05E+12'	'2.21E+12'	'2.29E+12'	'2.06E+12'	'1.36E+12'	'1.28E+12'	'1.57E+12'	'1.66E+12'	'1.69E+12'	'1.48E+12'
Rwanda	'2067528500'	'1965444515'	'1964779921'	'2137093489'	'2375281627'	'2932213575'	'3317951468'	'4068065929'	'5177015141'	'5671332138'	'6121234529'	'6881038270'	'7650300320'	'7815599503'	'8241332517'	'8539048448'	'8690485823'	'9253098954'	'9640280084'	'10355974217'	'10333991456'
South_Asia	'6.30E+11'	'6.46E+11'	'6.78E+11'	'7.91E+11'	'9.17E+11'	'1.05E+12'	'1.20E+12'	'1.50E+12'	'1.53E+12'	'1.68E+12'	'2.06E+12'	'2.27E+12'	'2.30E+12'	'2.36E+12'	'2.58E+12'	'2.70E+12'	'2.93E+12'	'3.35E+12'	'3.44E+12'	'3.60E+12'	'3.39E+12'
Saudi_Arabia	'1.90E+11'	'1.84E+11'	'1.90E+11'	'2.16E+11'	'2.59E+11'	'3.28E+11'	'3.77E+11'	'4.16E+11'	'5.20E+11'	'4.29E+11'	'5.28E+11'	'6.71E+11'	'7.36E+11'	'7.47E+11'	'7.56E+11'	'6.54E+11'	'6.45E+11'	'6.89E+11'	'7.87E+11'	'7.93E+11'	'7.00E+11'
Sudan	'12257418326'	'15716489370'	'18136839087'	'21355576673'	'26645490675'	'35182105414'	'45264519503'	'59440139775'	'64831935604'	'51621044077'	'58962978034'	'55018567211'	'37632919967'	'43024018082'	'49516748618'	'51726758677'	'42630376000'	'41283617976'	'30964349685'	'26155799325'	'21329109522'
Senegal	'6013184809'	'6507824767'	'7006402592'	'8768721956'	'10076817278'	'11009032665'	'11697918803'	'13994218939'	'16853991177'	'16145868285'	'16121314671'	'17814284622'	'17660871726'	'18918668644'	'19797254643'	'17774766636'	'19040312815'	'20996564752'	'23116699808'	'23306213742'	'24644234595'
Singapore	'96074477958'	'89794943350'	'92537752709'	'97645448284'	'1.15E+11'	'1.28E+11'	'1.49E+11'	'1.81E+11'	'1.94E+11'	'1.94E+11'	'2.40E+11'	'2.79E+11'	'2.95E+11'	'3.08E+11'	'3.15E+11'	'3.08E+11'	'3.19E+11'	'3.43E+11'	'3.76E+11'	'3.74E+11'	'3.40E+11'
Solomon_Islands	'419933580.9'	'409435392.2'	'346431958.3'	'352522682.2'	'397611126.7'	'476898763.6'	'538668769.3'	'620230005.2'	'699157191'	'735940409.7'	'846797693.6'	'1049952233'	'1190994127'	'1284698922'	'1335538893'	'1307061544'	'1378551118'	'1483758907'	'1574599183'	'1570093229'	'1545888426'
Sierra_Leone	'635874002.2'	'1090467712'	'1253340520'	'1385810072'	'1448536631'	'1650494367'	'1885112202'	'2158496873'	'2505458705'	'2453899847'	'2578026297'	'2942546781'	'3801862611'	'4920343195'	'5015157816'	'4218723875'	'3674794530'	'3719369107'	'4085114794'	'4076578543'	'4063289450'
El_Salvador	'11784927700'	'12282533600'	'12664190300'	'13243892200'	'13724810900'	'14698000000'	'15999890000'	'17011750000'	'17986890000'	'17601620000'	'18447920000'	'20283780000'	'21386150000'	'21990960000'	'22593470000'	'23438240000'	'24191430000'	'24979190000'	'26020850000'	'26896660000'	'24638720000'
San_Marino	'1005159388'	'1077413479'	'1168269231'	'1464326161'	'1723750000'	'1785847531'	'1908167106'	'2185874624'	'2393437820'	'2056126702'	'1881214371'	'1813752784'	'1604779648'	'1678841812'	'1673973695'	'1419394771'	'1468377272'	'1528630707'	'1655300873'	'1616369646'	'NULL'
Somalia	'NULL'	'NULL'	'NULL'	'NULL'	'NULL'	'NULL'	'NULL'	'NULL'	'NULL'	'NULL'	'NULL'	'NULL'	'NULL'	'4574495667'	'5021956321'	'5331761394'	'5529873480'	'5609000000'	'5850677296'	'6476674592'	'6965285325'
Serbia	'6875845987'	'12960538724'	'17120906918'	'22482365322'	'26141968161'	'27683225959'	'32482070360'	'43170990616'	'52194221469'	'45162894381'	'41819468692'	'49258136129'	'43309252921'	'48394239475'	'47062206678'	'39655958843'	'40692643373'	'44179055280'	'50640650221'	'51514222382'	'53335016425'
SubSaharan_Africa_excluding_high_income	'4.22E+11'	'4.05E+11'	'4.41E+11'	'5.55E+11'	'6.91E+11'	'8.20E+11'	'9.67E+11'	'1.12E+12'	'1.27E+12'	'1.22E+12'	'1.44E+12'	'1.61E+12'	'1.68E+12'	'1.78E+12'	'1.85E+12'	'1.68E+12'	'1.56E+12'	'1.67E+12'	'1.75E+12'	'1.80E+12'	'1.70E+12'
South_Sudan	'NULL'	'NULL'	'NULL'	'NULL'	'NULL'	'NULL'	'NULL'	'NULL'	'14586253383'	'12231264525'	'14602072411'	'14907308933'	'11931472169'	'18426469017'	'13962212847'	'11997800760'	'NULL'	'NULL'	'NULL'	'NULL'	'NULL'
SubSaharan_Africa	'4.23E+11'	'4.06E+11'	'4.41E+11'	'5.56E+11'	'6.92E+11'	'8.21E+11'	'9.68E+11'	'1.12E+12'	'1.27E+12'	'1.22E+12'	'1.44E+12'	'1.61E+12'	'1.68E+12'	'1.79E+12'	'1.85E+12'	'1.68E+12'	'1.56E+12'	'1.67E+12'	'1.75E+12'	'1.80E+12'	'1.71E+12'
Small_states	'1.29E+11'	'1.30E+11'	'1.39E+11'	'1.66E+11'	'2.00E+11'	'2.38E+11'	'2.77E+11'	'3.32E+11'	'4.00E+11'	'3.43E+11'	'3.94E+11'	'4.74E+11'	'4.94E+11'	'5.14E+11'	'5.30E+11'	'4.52E+11'	'4.45E+11'	'4.80E+11'	'5.28E+11'	'5.20E+11'	'4.51E+11'
Sao_Tome_and_Principe	'NULL'	'75951210.69'	'85171308.17'	'102085583.5'	'114582561.6'	'136450274.7'	'142775597.3'	'149146423.1'	'188021190.6'	'187820464.6'	'196652514.3'	'231489270.1'	'250680845.7'	'300554483.6'	'346528329.2'	'316066072.3'	'345495615'	'375614126.2'	'412253809.7'	'427425039.7'	'472914469.9'
Suriname	'947671969.7'	'834279357.8'	'1093574468'	'1274190311'	'1484092538'	'1793388732'	'2626380435'	'2936612022'	'3532969035'	'3875409836'	'4368398048'	'4422276622'	'4980000000'	'5145757576'	'5240606061'	'5126291451'	'3317438911'	'3591623596'	'3996247906'	'3984483762'	'2884248048'
Slovakia	'29242558797'	'30778781607'	'35297794386'	'46919965224'	'57437444469'	'62808723477'	'70767338922'	'86563986799'	'1.01E+11'	'89399303222'	'90801178162'	'99492917849'	'94253181330'	'98569320343'	'1.01E+11'	'88636928905'	'89674927723'	'95393515078'	'1.06E+11'	'1.05E+11'	'1.05E+11'
Slovenia	'20289627637'	'20876309970'	'23489890274'	'29634713641'	'34414784504'	'36206395971'	'39481045038'	'48067401207'	'55779427740'	'50567734886'	'48208240226'	'51583869785'	'46577793184'	'48415657265'	'49997186439'	'43107506024'	'44766722791'	'48589100043'	'54163591695'	'54178877606'	'53589609581'
Sweden	'2.63E+11'	'2.42E+11'	'2.67E+11'	'3.34E+11'	'3.85E+11'	'3.92E+11'	'4.23E+11'	'4.91E+11'	'5.18E+11'	'4.37E+11'	'4.96E+11'	'5.74E+11'	'5.52E+11'	'5.87E+11'	'5.82E+11'	'5.05E+11'	'5.16E+11'	'5.41E+11'	'5.55E+11'	'5.34E+11'	'5.41E+11'
Eswatini	'1738100853'	'1542477309'	'1432228125'	'2197612701'	'2770082792'	'3178126492'	'3291353836'	'3469363996'	'3294093485'	'3580417067'	'4438778424'	'4820499924'	'4886533033'	'4597532030'	'4422968340'	'4063245671'	'3816022047'	'4402969226'	'4665420239'	'4495679481'	'3972728948'
Sint_Maarten_Dutch_part	'NULL'	'NULL'	'NULL'	'NULL'	'NULL'	'NULL'	'NULL'	'NULL'	'NULL'	'NULL'	'NULL'	'936089385.5'	'985865921.8'	'1022905028'	'1245251397'	'1253072626'	'1263687151'	'1191620112'	'1185474860'	'NULL'	'NULL'
Seychelles	'614879764.8'	'622262057.2'	'697518248.2'	'705704816'	'839319927.3'	'919103254.5'	'1016418229'	'1033561654'	'967199594'	'847397850.1'	'969936525.3'	'1065826670'	'1060226126'	'1328157609'	'1343007845'	'1377495054'	'1426651769'	'1528242026'	'1547690759'	'1582841059'	'1059886364'
Syrian_Arab_Republic	'80590022272'	'86771314031'	'90558485523'	'95693808463'	'1.13E+11'	'1.34E+11'	'1.54E+11'	'1.80E+11'	'2.18E+11'	'2.25E+11'	'2.53E+11'	'64315437939'	'42807315976'	'20345458471'	'21239000398'	'16492072144'	'12356980639'	'16112991412'	'21490335086'	'22777882165'	'NULL'
Turks_and_Caicos_Islands	'NULL'	'358744800'	'366707910'	'409753640'	'485598810'	'578645760'	'721891470'	'773489740'	'862683630'	'703175750'	'686787810'	'728789570'	'727161000'	'754238000'	'841070000'	'942070000'	'1032452000'	'1022365000'	'1113178000'	'1197415000'	'924583000'
Chad	'1388506727'	'1710843361'	'1997005787'	'2742815195'	'4422855929'	'6649307057'	'7428701809'	'8650138069'	'10393834721'	'9290728773'	'10668102735'	'12172309523'	'12367363678'	'12953535496'	'13940768066'	'10950392220'	'10097778354'	'10000395242'	'11239167048'	'11314951343'	'10829076802'
East_Asia_&_Pacific_IDA_&_IBRD_countries	'1.73E+12'	'1.84E+12'	'2.04E+12'	'2.31E+12'	'2.68E+12'	'3.10E+12'	'3.74E+12'	'4.72E+12'	'5.97E+12'	'6.48E+12'	'7.85E+12'	'9.60E+12'	'1.07E+13'	'1.18E+13'	'1.27E+13'	'1.33E+13'	'1.35E+13'	'1.48E+13'	'1.66E+13'	'1.71E+13'	'1.74E+13'
Europe_&_Central_Asia_IDA_&_IBRD_countries	'8.94E+11'	'9.10E+11'	'1.02E+12'	'1.26E+12'	'1.63E+12'	'2.04E+12'	'2.47E+12'	'3.17E+12'	'3.93E+12'	'3.11E+12'	'3.66E+12'	'4.44E+12'	'4.64E+12'	'4.92E+12'	'4.65E+12'	'3.63E+12'	'3.49E+12'	'3.91E+12'	'4.07E+12'	'4.15E+12'	'3.88E+12'
Togo	'1491891108'	'1482437752'	'1706698099'	'2115836353'	'2259992642'	'2281482855'	'2351584608'	'2662612348'	'3323677130'	'3379258565'	'3429461495'	'3872459250'	'3873308389'	'4321655656'	'4574986537'	'4180866177'	'6031632168'	'6395472574'	'7112200725'	'7220395248'	'7574636979'
Thailand	'1.26E+11'	'1.20E+11'	'1.34E+11'	'1.52E+11'	'1.73E+11'	'1.89E+11'	'2.22E+11'	'2.63E+11'	'2.91E+11'	'2.82E+11'	'3.41E+11'	'3.71E+11'	'3.98E+11'	'4.20E+11'	'4.07E+11'	'4.01E+11'	'4.13E+11'	'4.56E+11'	'5.07E+11'	'5.44E+11'	'5.02E+11'
Tajikistan	'860521119.3'	'1080768907'	'1221120799'	'1555301496'	'2076182461'	'2312327536'	'2830220713'	'3719506173'	'5161337336'	'4979481980'	'5642178580'	'6522732203'	'7633049792'	'8448469838'	'9112544556'	'8271454301'	'6992393787'	'7536439875'	'7765014424'	'8300784857'	'8194150302'
Turkmenistan	'2904662605'	'3534803922'	'4461978499'	'5977560877'	'6838351088'	'8103901996'	'10276674365'	'12664165103'	'19271523179'	'20214385965'	'22583157895'	'29233333333'	'35164210526'	'39197543860'	'43524210526'	'35799714286'	'36169428571'	'37926285714'	'40765428571'	'45231428571'	'NULL'
Latin_America_&_the_Caribbean_IDA_&_IBRD_countries	'2.18E+12'	'2.12E+12'	'1.89E+12'	'1.92E+12'	'2.22E+12'	'2.71E+12'	'3.19E+12'	'3.77E+12'	'4.41E+12'	'4.13E+12'	'5.16E+12'	'5.89E+12'	'5.94E+12'	'6.09E+12'	'6.21E+12'	'5.14E+12'	'5.01E+12'	'5.59E+12'	'5.46E+12'	'5.38E+12'	'4.48E+12'
TimorLeste	'367087900'	'477443500'	'469506700'	'490439100'	'440764600'	'462283600'	'453805100'	'542795400'	'648492700'	'726882400'	'881827800'	'1042411500'	'1160389500'	'1395519600'	'1447307100'	'1594410900'	'1650618500'	'1615609700'	'1583876200'	'2047931700'	'1902156800'
Middle_East_&_North_Africa_IDA_&_IBRD_countries	'5.28E+11'	'5.34E+11'	'5.20E+11'	'5.68E+11'	'6.75E+11'	'7.97E+11'	'9.25E+11'	'1.13E+12'	'1.40E+12'	'1.36E+12'	'1.57E+12'	'1.55E+12'	'1.69E+12'	'1.56E+12'	'1.53E+12'	'1.37E+12'	'1.39E+12'	'1.37E+12'	'1.30E+12'	'1.33E+12'	'1.18E+12'
Tonga	'204849612.6'	'181116952.8'	'182763693.9'	'202246959.7'	'230657965.5'	'261797606.1'	'292232117.1'	'298513956.2'	'344428609'	'312377379.3'	'366840012.4'	'414523388.5'	'470714083.4'	'450643615.2'	'439878828'	'437006227.2'	'420540178.6'	'460379145'	'489235527.4'	'512350059.4'	'488829964.1'
South_Asia_IDA_&_IBRD	'6.30E+11'	'6.46E+11'	'6.78E+11'	'7.91E+11'	'9.17E+11'	'1.05E+12'	'1.20E+12'	'1.50E+12'	'1.53E+12'	'1.68E+12'	'2.06E+12'	'2.27E+12'	'2.30E+12'	'2.36E+12'	'2.58E+12'	'2.70E+12'	'2.93E+12'	'3.35E+12'	'3.44E+12'	'3.60E+12'	'3.39E+12'
SubSaharan_Africa_IDA_&_IBRD_countries	'4.23E+11'	'4.06E+11'	'4.41E+11'	'5.56E+11'	'6.92E+11'	'8.21E+11'	'9.68E+11'	'1.12E+12'	'1.27E+12'	'1.22E+12'	'1.44E+12'	'1.61E+12'	'1.68E+12'	'1.79E+12'	'1.85E+12'	'1.68E+12'	'1.56E+12'	'1.67E+12'	'1.75E+12'	'1.80E+12'	'1.71E+12'
Trinidad_and_Tobago	'8154338233'	'8824873259'	'9008273721'	'11305459802'	'13280275123'	'15982282462'	'18369361094'	'21641620050'	'27871587350'	'19172165226'	'22157948396'	'25433011405'	'25763220107'	'27268478565'	'27615843098'	'24959858249'	'22386264807'	'22385426654'	'23679919655'	'23208326548'	'21588037505'
Tunisia	'21473261837'	'22066031834'	'23142153760'	'27453007373'	'31183059012'	'32273007554'	'34377310293'	'38914078352'	'44860969077'	'43454935940'	'46206331261'	'48122838145'	'47311196335'	'48683848564'	'50271342086'	'45780069047'	'44360775649'	'42163974956'	'42570270107'	'41804581484'	'41620349986'
Turkey	'2.74E+11'	'2.02E+11'	'2.40E+11'	'3.15E+11'	'4.09E+11'	'5.06E+11'	'5.57E+11'	'6.81E+11'	'7.70E+11'	'6.49E+11'	'7.77E+11'	'8.39E+11'	'8.81E+11'	'9.58E+11'	'9.39E+11'	'8.64E+11'	'8.70E+11'	'8.59E+11'	'7.78E+11'	'7.61E+11'	'7.20E+11'
Tuvalu	'13742057.05'	'13196544.95'	'15450994.24'	'18231078.54'	'21534931.61'	'21839098.89'	'22902861.45'	'27030374.03'	'30290219.76'	'27101076.28'	'31823518.62'	'38711810.21'	'37671774.69'	'37509075.11'	'37290607.54'	'35492074.22'	'36547799.58'	'40619251.99'	'42588164.97'	'47271463.33'	'48855550.2'
Tanzania	'13375976354'	'13581644246'	'14142035080'	'15224257698'	'16675948415'	'18399046025'	'18649590248'	'21843529025'	'27941177435'	'29081425282'	'32014249841'	'34657139495'	'39650530214'	'45680532614'	'49964788814'	'47378599025'	'49774021003'	'53320625959'	'57003713611'	'61136873692'	'62409709111'
Uganda	'6193246837'	'5840503869'	'6178563591'	'6606884391'	'7939487474'	'9239221859'	'9977647645'	'11902564401'	'14440404021'	'25127805566'	'26673441667'	'27871725206'	'27305915761'	'28915786997'	'32612397758'	'32387183845'	'29203988815'	'30744473912'	'32927025573'	'35353060634'	'37600368181'
Ukraine	'32375082563'	'39309580983'	'43956369917'	'52010238716'	'67220154164'	'89239370109'	'1.12E+11'	'1.49E+11'	'1.88E+11'	'1.22E+11'	'1.41E+11'	'1.69E+11'	'1.83E+11'	'1.90E+11'	'1.34E+11'	'91030959455'	'93355993629'	'1.12E+11'	'1.31E+11'	'1.54E+11'	'1.55E+11'
Upper_middle_income	'4.31E+12'	'4.34E+12'	'4.37E+12'	'4.90E+12'	'5.88E+12'	'7.07E+12'	'8.39E+12'	'1.04E+13'	'1.27E+13'	'1.22E+13'	'1.48E+13'	'1.79E+13'	'1.92E+13'	'2.06E+13'	'2.12E+13'	'1.99E+13'	'1.98E+13'	'2.19E+13'	'2.36E+13'	'2.40E+13'	'2.32E+13'
Uruguay	'22823255802'	'20898788417'	'13606494599'	'12045631093'	'13686329890'	'17362857684'	'19579457966'	'23410572634'	'30366213119'	'31660911277'	'40284481652'	'47962439304'	'51264390116'	'57531233351'	'57236013086'	'53274304222'	'57236652490'	'64233966861'	'64515038268'	'61231149881'	'53628827440'
United_States	'1.03E+13'	'1.06E+13'	'1.09E+13'	'1.15E+13'	'1.22E+13'	'1.30E+13'	'1.38E+13'	'1.45E+13'	'1.47E+13'	'1.44E+13'	'1.50E+13'	'1.55E+13'	'1.62E+13'	'1.68E+13'	'1.75E+13'	'1.82E+13'	'1.87E+13'	'1.95E+13'	'2.06E+13'	'2.14E+13'	'2.10E+13'
Uzbekistan	'13760513969'	'11401421329'	'9687788513'	'10134453435'	'12030023548'	'14307509839'	'17330833853'	'22311393928'	'29549438884'	'33689223673'	'49765676402'	'60178909297'	'67517349212'	'73180036692'	'80845384375'	'86196265192'	'86138288615'	'62081323299'	'52633143808'	'59907674027'	'59929951114'
St._Vincent_and_the_Grenadines	'396262963'	'430040740.7'	'461885185.2'	'481807407.4'	'521974074.1'	'550729629.6'	'610929629.6'	'684444444.4'	'695429629.6'	'674922222.2'	'681225925.9'	'676129629.6'	'692933333.3'	'721207407.4'	'727714814.8'	'755400000'	'774429629.6'	'792177777.8'	'811300000'	'825040740.7'	'807474074.1'
Venezuela	'1.17E+11'	'1.23E+11'	'92893587734'	'83620628582'	'1.12E+11'	'1.46E+11'	'1.83E+11'	'2.30E+11'	'3.16E+11'	'3.30E+11'	'3.93E+11'	'3.16E+11'	'3.81E+11'	'3.71E+11'	'4.82E+11'	'NULL'	'NULL'	'NULL'	'NULL'	'NULL'	'NULL'
British_Virgin_Islands	'NULL'	'NULL'	'NULL'	'NULL'	'NULL'	'NULL'	'NULL'	'NULL'	'NULL'	'NULL'	'NULL'	'NULL'	'NULL'	'NULL'	'NULL'	'NULL'	'NULL'	'NULL'	'NULL'	'NULL'	'NULL'
Virgin_Islands_U.S.	'NULL'	'NULL'	'3262000000'	'3443000000'	'3797000000'	'4428000000'	'4484000000'	'4784000000'	'4244000000'	'4201000000'	'4324000000'	'4223000000'	'4089000000'	'3738000000'	'3565000000'	'3663000000'	'3798000000'	'3794000000'	'3900000000'	'4068000000'	'NULL'
Vietnam	'31172518403'	'32685198735'	'35064105501'	'39552513316'	'45427854693'	'57633255618'	'66371664817'	'77414425532'	'99130304099'	'1.06E+11'	'1.16E+11'	'1.36E+11'	'1.56E+11'	'1.71E+11'	'1.86E+11'	'1.93E+11'	'2.05E+11'	'2.24E+11'	'2.45E+11'	'2.62E+11'	'2.71E+11'
Vanuatu	'272014693.1'	'257926881.7'	'262596597.8'	'314471328.1'	'364996869.1'	'394962552.3'	'439376794.1'	'516392922.5'	'590748237'	'592622502.4'	'670713208.1'	'770153304.2'	'747839697.7'	'758304466.2'	'772315721.3'	'730870581.7'	'780889605.9'	'880043553.7'	'914727908.1'	'934521604.6'	'881547928.6'
World	'3.38E+13'	'3.36E+13'	'3.49E+13'	'3.91E+13'	'4.41E+13'	'4.78E+13'	'5.18E+13'	'5.83E+13'	'6.41E+13'	'6.08E+13'	'6.65E+13'	'7.37E+13'	'7.53E+13'	'7.74E+13'	'7.96E+13'	'7.51E+13'	'7.63E+13'	'8.12E+13'	'8.63E+13'	'8.76E+13'	'8.47E+13'
Samoa	'269019710.3'	'273088357.2'	'288078881.4'	'338838639.4'	'420320176.4'	'465568018.3'	'505832439.8'	'570469196.7'	'619260721.6'	'584706020.2'	'663155955'	'737147951.1'	'760319276'	'770059551'	'756805940.2'	'787958585.9'	'799493884.3'	'832025574'	'821286927.5'	'852007112.7'	'807100820.6'
Kosovo	'NULL'	'NULL'	'NULL'	'NULL'	'NULL'	'NULL'	'NULL'	'NULL'	'5181776769'	'5015894693'	'5344014318'	'6341737194'	'6163785173'	'6735731173'	'7074657898'	'6295820482'	'6682832632'	'7180813376'	'7878508503'	'7899879086'	'7716925356'
Yemen_Rep.	'9652436180'	'9861560095'	'10694628092'	'11777966673'	'13872791659'	'16746344766'	'19061978586'	'21650532264'	'26910851362'	'25130274124'	'30906749533'	'32726417212'	'35401341663'	'40415235702'	'43228585321'	'42445102387'	'31317365269'	'26840128755'	'21606140907'	'NULL'	'NULL'
South_Africa	'1.52E+11'	'1.35E+11'	'1.29E+11'	'1.97E+11'	'2.56E+11'	'2.89E+11'	'3.04E+11'	'3.33E+11'	'3.16E+11'	'3.30E+11'	'4.17E+11'	'4.58E+11'	'4.34E+11'	'4.01E+11'	'3.81E+11'	'3.47E+11'	'3.24E+11'	'3.81E+11'	'4.05E+11'	'3.88E+11'	'3.35E+11'
Zambia	'3600683040'	'4094480988'	'4193845678'	'4901839731'	'6221077675'	'8331870169'	'12756858899'	'14056957976'	'17910858638'	'15328342304'	'20265559484'	'23459515276'	'25503060420'	'28037239463'	'27141023558'	'21251216799'	'20958412538'	'25873601261'	'26311590297'	'23308667781'	'18110631358'
Zimbabwe	'6689957600'	'6777384700'	'6342116400'	'5727591800'	'5805598400'	'5755215200'	'5443896500'	'5291950100'	'4415702800'	'9665793300'	'12041655200'	'14101920300'	'17114849900'	'19091020000'	'19495519600'	'19963120600'	'20548678100'	'17584890937'	'18115543791'	'19284289739'	'18051170799'
