Country,2000,2001,2002,2003,2004,2005,2006,2007,2008,2009,2010,2011,2012,2013,2014,2015,2016,2017,2018,2019,2020
Aruba,20614.79935,20417.77596,20654.48852,21070.07172,22834.28465,23591.15984,24495.01539,26452.23195,28048.15177,25170.83236,24134.47386,25849.96401,25496.84394,26442.4268,26895.05717,28399.05013,28453.71556,29348.41897,30253.71423,31135.88436,23384.29879
Afghanistan,,0,179.4265792,190.6838143,211.3820742,242.0313132,263.7336019,359.6931579,364.663542,437.2687402,543.3065262,591.1900302,638.8458516,624.3154545,614.2233424,556.0072209,512.0127781,516.6798622,485.6684187,494.1793499,516.7478708
Angola,556.8361822,527.3335285,872.4944418,982.9609819,1255.564238,1902.42215,2599.565948,3121.996085,4080.941015,3122.781743,3497.974488,4518.31335,4978.434435,5127.717243,5094.112329,3127.890598,1728.023754,2313.220584,2524.942483,2177.799015,1631.431691
Albania,1126.68334,1281.659826,1425.124219,1846.120121,2373.581292,2673.786584,2972.742924,3595.038057,4370.539925,4114.134899,4094.348386,4437.142612,4247.630047,4413.062005,4578.633208,3952.802538,4124.05539,4531.019374,5287.663694,5396.215864,5332.160475
Andorra,21854.2468,22970.51221,25067.24006,32272.84589,37966.18725,40064.22493,42674.75897,47804.84993,48719.65877,43504.21565,40849.76128,43333.97304,38684.56653,39538.35521,41302.38214,35770.91865,37474.74584,38964.66201,41793.31884,40898.41791,37416.69772
Arab World,2890.16922,2768.446111,2725.554628,2948.572988,3430.913519,4120.758814,4770.610863,5419.599572,6660.069689,5708.709286,6556.987974,7016.136647,7479.254085,7465.455471,7414.312109,6359.900578,6177.227235,6272.949782,6635.381394,6562.969998,5724.28687
UAE,33291.36625,31280.75586,31567.54631,33499.10278,36333.18733,39365.45964,41907.42147,41809.46216,44498.94051,32024.19778,33893.27725,39194.67527,40976.49642,42412.63649,43751.81731,38663.38826,38141.87689,40644.79119,43839.32449,42701.44305,36284.55524
Argentina,7708.099115,7208.373114,2593.404563,3349.8063,4277.721573,5109.852245,5919.012338,7245.446857,9020.873323,8225.137583,10385.96443,12848.8642,13082.66433,13080.25473,12334.79825,13789.06042,12790.24247,14613.04182,11795.15939,10076.35524,8585.694742
Armenia,622.7409229,694.4234554,783.241215,930.1254727,1191.921006,1643.756889,2158.148074,3139.28071,4010.861381,2994.340471,3218.378299,3525.807198,3681.844691,3838.17388,3986.231624,3607.289299,3591.828052,3914.527854,4220.540321,4604.646324,4266.018074
American Samoa,0,0,8666.655382,8807.462812,8528.248777,8395.31877,8340.52344,8874.877928,9740.824491,11910.01323,10216.81763,10223.29836,11496.5241,11450.7242,11525.15639,12059.63516,12038.2497,11003.82976,11521.60978,11715.36014,12844.90099
Antigua and Barbuda,10872.29295,10367.31961,10401.05088,10797.95106,11446.96914,12557.54785,13995.80442,15622.69287,16044.1058,14160.562,13048.96058,12746.63347,13272.73494,12910.59063,13501.58092,14285.32978,15198.74297,15383.5764,16679.59166,17376.64968,13992.74448
Australia,21697.70848,19527.32358,20117.78889,23492.40517,30513.94174,34080.9999,36117.48798,41001.14298,49654.9106,42783.32257,52087.97229,62574.1457,68027.84171,68156.62792,62511.69059,56707.02208,49881.76371,53934.25018,57180.7794,54875.28596,51680.31652
Austria,24625.60072,24558.76368,26527.59309,32294.04886,36889.23351,38417.45779,40669.32696,46915.3374,51919.98358,48153.32402,46903.76159,51442.27625,48564.91734,50731.12725,51786.37717,44195.81759,45307.58786,47429.15846,51486.5755,50114.40111,48588.65938
Azerbaijan,655.1199452,703.6838434,763.080638,883.7339715,1045.009379,1578.40239,2473.081819,3851.437869,5574.603802,4950.294791,5843.533768,7189.691229,7496.294648,7875.756953,7891.313147,5500.310382,3880.738731,4147.089716,4739.84171,4805.753718,4229.910649
Burundi,136.4639708,134.3634269,123.1175361,113.5672513,128.3367028,151.6815663,167.3764625,172.4955966,198.3528517,212.1370572,234.2355389,249.5779794,252.3624696,256.9736979,274.8578362,305.5111441,251.6514772,250.5146007,238.0343096,223.8628757,233.8375103
Belgium,23098.88651,23015.07126,25006.1914,30655.20927,35429.40779,36809.70134,38705.1068,44319.16545,48303.39796,44760.29124,44184.94635,47410.56693,44670.56068,46757.95186,47764.07151,41008.29672,42012.62272,44198.48239,47549.20805,46599.11134,45189.3669
Benin,512.673902,518.0674741,574.9297982,711.2849548,798.7443045,822.7851431,856.0549166,966.2036183,1125.426134,1088.757906,1036.534515,1130.273251,1145.140105,1251.209767,1291.410185,1076.796698,1087.287331,1136.593872,1241.825298,1219.515506,1291.040972
Burkina Faso,255.7186873,267.0975996,294.6653885,374.627358,418.3766603,457.9334308,473.4498682,535.0622795,643.404581,624.1751645,647.8360955,751.1727704,758.000427,787.4694383,792.8462374,653.3272681,688.2506963,734.996268,804.5005378,796.1152068,857.9327297
Bangladesh,418.0689421,415.0344043,413.0802826,446.3106757,475.2919302,499.4619402,509.6401899,558.0518407,634.9870697,702.2644196,781.1535777,861.7621622,883.1171296,981.8608514,1118.873808,1248.45331,1678.95323,1839.583378,1991.483267,2154.226819,2270.347535
Bulgaria,1621.242961,1770.913534,2092.957694,2719.497656,3389.707049,3899.907638,4523.050833,5885.104348,7265.735497,6988.233325,6853.002854,7849.165283,7432.478766,7681.93462,7901.785876,7074.681023,7569.478815,8366.293221,9446.700772,9879.268533,10079.20338
Bahrain,13636.41675,12868.17692,13049.90973,14222.0368,15846.50595,17959.39683,19307.50894,20976.44229,23066.45098,19355.92101,20722.07049,22514.20272,23654.36959,24744.29696,24989.43753,22634.08565,22608.45256,23742.93734,24086.30169,23552.37995,20406.50233
Bahamas,27098.15632,27486.23677,28867.0825,28327.81367,28396.01371,30279.39221,30713.79806,31472.28554,30627.32775,28552.51716,28443.88848,28005.9124,29485.86422,28768.77237,30154.73862,31699.35863,31314.84456,32371.00818,33077.39183,33872.33431,24665.09683
Bosnia and Herzegovina,1484.176057,1544.602072,1789.857692,2258.946445,2698.46718,2980.601267,3416.512376,4193.368005,5090.945825,4714.693737,4635.5102,5092.554725,4777.06692,5129.663534,5330.355078,4729.690054,4994.971623,5394.26914,6070.35298,6119.762351,6082.36673
Belarus,1276.288034,1244.373185,1479.314583,1819.766059,2378.623286,3125.810535,3847.434124,4735.657608,6377.369732,5352.583912,6033.686239,6527.173869,6953.132515,7998.125239,8341.399679,5967.052204,5039.681886,5785.670673,6360.062473,6837.717826,6555.426818
Belize,3364.491731,3417.090224,3553.121378,3677.152002,3824.927382,3916.355378,4157.193035,4290.901445,4408.382931,4196.995031,4304.111108,4441.738755,4530.604801,4575.680956,4744.108945,4805.196852,4877.670506,4909.604664,4927.194224,4983.336114,3987.796596
Bermuda,56284.16865,58883.95943,62583.1002,66111.72523,70359.31911,75882.03386,95221.85887,104287.3875,106935.4863,101407.764,101875.2841,97774.16207,98431.86518,99471.6389,98467.68399,102005.6256,106885.8785,111820.5815,113050.7369,116153.1661,107706.0398
Bolivia,997.5817508,948.8702043,904.2257919,907.5374099,967.40646,1034.311806,1218.874074,1372.628374,1715.208395,1754.209467,1955.460181,2346.337844,2609.880562,2908.200371,3081.878824,3035.971655,3076.656439,3351.124344,3548.59078,3552.068144,3137.989617
Brazil,3749.910848,3160.249345,2839.491501,3070.436419,3637.31389,4790.456566,5886.391522,7348.187963,8831.183643,8597.794335,11286.07154,13245.38737,12370.22325,12300.38671,12112.83496,8813.989806,8710.06329,9928.675897,9151.381732,8876.059836,6814.875632
Barbados,11268.42006,11209.42112,11361.51677,11699.37047,12512.57797,13822.74175,15199.39022,16770.68777,17092.31451,15885.96981,16056.11685,16459.05805,16250.01233,16452.15271,16488.52573,16558.86478,16909.88655,17404.20747,17782.87473,18480.05659,16318.74811
Brunei Darussalam,18012.50219,16472.00329,16850.39408,18560.5035,21902.02712,26105.42203,30979.96284,32663.39237,37934.67645,27956.00514,35270.64214,47055.96064,47739.55769,44740.85942,41725.86752,31164.03625,27158.40565,28571.60829,31628.47626,31085.96193,27442.95383
Bhutan,718.196337,764.4328082,845.5006721,962.0953713,1068.431811,1228.432356,1330.977444,1757.190496,1828.154677,1819.19731,2258.186435,2563.261224,2538.949519,2472.724753,2652.225654,2752.630172,2930.574923,3286.596744,3243.477437,3322.863329,3000.777986
Botswana,3522.310821,3278.016079,3190.624811,4330.972369,5073.520408,5513.331063,5521.990608,5832.737052,5713.543931,5255.776533,6434.812485,7617.310041,7050.573472,7224.912737,7495.220866,6402.910183,6982.917492,7296.092142,7503.878588,7247.429476,6348.832318
Central African Republic,251.832764,250.5761943,261.9764205,294.3213277,321.3126541,331.2948211,354.986192,404.909403,466.4723203,476.6162628,488.4217358,551.7497219,565.8012071,380.2979111,424.4491317,377.4229177,402.1916451,450.900697,475.9538139,468.1175148,481.7462966
Canada,24271.00206,23822.06012,24255.33858,28300.4631,32143.68141,36382.50792,40504.06073,44659.89514,46710.50558,40876.31015,47562.08343,52223.69611,52669.08996,52635.17496,50955.99832,43596.13554,42315.60371,45129.4293,46548.63841,46328.67184,43258.26387
Switzerland,38952.0342,39727.84667,42578.76314,49470.39713,54878.471,56546.78566,59300.61722,65359.51922,74572.23237,72083.1677,77117.12601,91254.03476,86547.67089,88109.48675,89684.70758,84776.14217,83073.28008,83352.08865,86388.40495,85334.51946,87100.41482
Channel Islands,43380.80298,41807.07902,44544.36451,48861.02563,56753.20505,58199.16055,63244.92538,74463.01592,0,0,0,0,0,0,0,0,0,0,0,0,0
Chile,5100.254133,4609.21396,4481.831255,4827.083378,6186.662716,7558.371754,9406.584485,10439.42846,10752.9723,10151.05852,12724.10406,14577.63266,15354.6184,15777.78151,14606.99672,13495.01061,13690.90746,14962.55685,15772.33348,14699.46278,13220.57076
China,959.3724836,1053.108243,1148.50829,1288.643252,1508.668098,1753.417829,2099.229435,2693.970063,3468.304602,3832.236432,4550.453108,5614.352135,6300.615118,7020.338485,7636.116601,8016.431435,8094.363367,8816.986905,9905.342004,10143.8382,10408.66976
Cote_dIvorie,1007.46739,997.4787843,1047.752265,1207.512648,1308.28782,1309.591653,1347.988824,1500.167805,1738.192101,1689.344762,1701.475702,1744.938897,1684.781586,1935.946845,2156.645883,1972.545683,2013.381448,2111.026557,2314.050958,2276.332394,2325.723705
Cameroon,681.102043,687.6481344,759.1118514,950.5648637,1090.785332,1100.174926,1147.4366,1277.516807,1439.547804,1411.474572,1352.302275,1465.145788,1403.522915,1527.751257,1604.214035,1382.50979,1413.255957,1469.4475,1585.240534,1533.095688,1537.130218
Congo Dem. Rep.,405.2162186,153.5910441,175.009951,173.7961252,194.0400026,218.3862267,255.4330432,286.3304725,327.5637218,298.6196916,334.0215777,387.082477,424.6003738,457.9637475,486.7870951,497.3170391,471.3188225,467.0742317,565.8295429,596.5605701,543.9503925
Congo Rep.,1032.137576,869.1005097,916.5880027,1028.415175,1326.596607,1835.609908,2155.406357,2265.847453,2904.124496,2345.563735,3076.556449,3562.217615,3922.868842,3884.850686,3781.515735,2448.523778,2051.666176,2170.900563,2606.615526,2369.729441,1899.778237
Colombia,2520.481089,2439.682456,2396.627127,2281.401762,2782.623185,3414.465158,3741.092837,4714.073055,5472.53653,5193.241458,6336.709474,7335.166934,8050.255372,8218.347844,8114.343921,6175.87603,5870.777957,6376.706716,6729.583332,6418.615783,5312.198556
Comoros,647.4258118,680.9055728,747.9888625,937.7108963,1061.075548,1069.029426,1114.945281,1240.092528,1393.216032,1344.730406,1316.491213,1447.945144,1403.360252,1505.337292,1513.830379,1242.585608,1273.050952,1323.814843,1428.290463,1404.433187,1407.40927
Cabo Verde,1259.353067,1292.226512,1401.891073,1809.11003,2024.266381,2099.148417,2361.380101,3186.779935,3721.219993,3517.430156,3378.323433,3740.374103,3447.4831,3616.03557,3588.625584,3043.031382,3131.017598,3292.633503,3616.460666,3603.775241,3064.272388
Costa Rica,3789.053886,3960.307703,4042.705686,4147.824369,4404.711884,4676.379366,5227.465952,6103.741917,6901.388306,6801.036735,8227.127494,9229.834517,10075.00462,10744.09102,10847.16967,11642.77805,12011.22275,12225.57449,12485.4239,12762.13801,12201.92603
Caribbean small states,5258.30631,5379.459475,5605.43481,5951.055409,6464.671128,7260.795899,8206.162342,9060.804021,10234.80996,8588.715063,9263.029591,9929.770862,10200.02028,10321.24032,10402.31367,10181.80616,9557.667766,9915.744684,10250.29173,10406.67071,8857.870922
Cuba,2747.100303,2837.73573,2999.241763,3197.133185,3395.710843,3786.66345,4336.638025,4822.887396,5010.434715,5120.064236,5305.883578,6139.718783,6497.314764,6837.71168,7133.337679,7694.014637,8060.796598,8541.213686,8824.194008,9125.878679,9477.852873
Curacao,0,0,0,0,0,0,0,0,0,0,0,19446.45657,19886.67837,19762.73962,19552.66055,19260.26985,18881.83062,18788.80728,18956.09791,19024.17723,16109.86167
Cayman Islands,0,0,0,0,0,0,82801.54347,85433.03028,85188.33603,77400.42237,73351.75776,72329.6623,72777.14784,73514.66965,74990.43274,76284.1943,78471.62814,81513.16283,86180.53969,91513.04267,85346.76195
Cyprus,14388.34766,14821.44727,16093.21484,20252.23828,23792.62109,24959.25977,26729.32422,31244.92578,35397.36328,32109.24219,31023.63867,32396.38672,28912.15625,27729.19336,27163.33203,23408.33594,24605.91992,26608.875,29334.11133,29206.07617,27681.56641
Czech_Republic,6029.038193,6637.041657,8060.868703,9818.568493,11749.85266,13430.6699,15261.79759,18466.54793,22804.57768,19861.69743,19960.06849,21871.26608,19870.80121,20133.16914,19890.91991,17829.69832,18575.23203,20636.19995,23419.73561,23660.14881,22933.49959
Germany,23694.76048,23628.32721,25197.2656,30310.3576,34106.65812,34520.23965,36353.88033,41640.08087,45612.71062,41650.36783,41572.45595,46705.8958,43855.85447,46298.92292,48023.86998,41103.25644,42136.12079,44652.58917,47973.60762,46794.89929,46252.6893
Djibouti,768.1835703,780.9039613,791.3841807,818.8687857,863.2360874,904.7366795,967.6795838,1052.719117,1223.852363,1267.317394,1343.275125,1451.548081,1559.240651,2312.720948,2464.294905,2652.513228,2803.689125,2926.153304,3038.269738,3172.750685,3219.701128
Dominica,4787.801441,4883.003024,4770.851894,4897.308367,5216.872434,5160.889141,5518.4232,5951.863413,6468.944767,6903.145806,6967.364955,7065.460372,6849.455933,7016.380071,7317.486143,7597.288894,8080.968623,7298.51458,7745.376963,8516.280039,7003.859021
Denmark,30743.54768,30751.65435,33228.69354,40458.7774,46511.59833,48799.8256,52026.99951,58487.05497,64322.0635,58163.27688,58041.39844,61753.64713,58507.50805,61191.1937,62548.98473,53254.85637,54663.99837,57610.09818,61591.92887,59775.7351,61063.31643
Dominican_Republic,2869.178139,2977.43451,3110.325447,2418.350422,2487.329061,3932.784407,4109.033591,4707.795052,5087.983213,5039.403122,5555.392014,5913.426649,6110.366576,6238.132367,6608.825501,6921.520594,7280.88361,7609.353275,8050.644076,8282.117131,7268.19691
Algeria,1765.027146,1740.606654,1781.828908,2103.381291,2610.185422,3113.094883,3478.710002,3950.512993,4923.631615,3883.2709,4480.786318,5455.679403,5592.220115,5499.587331,5493.056695,4177.889542,3946.452447,4109.698217,4142.018558,3989.668276,3306.858208
East Asia & Pacific,4089.164462,3769.285484,3796.868341,4141.861572,4610.578407,4882.835544,5137.096081,5699.822547,6525.364675,6669.228692,7731.862633,8903.490987,9450.125175,9482.163953,9707.506845,9599.414082,9867.865824,10466.42427,11324.00488,11494.09153,11483.59931
Europe & Central Asia,11683.49441,11785.38366,12887.40117,15628.78036,18159.7271,19260.78447,20795.94679,24217.74843,26535.46949,23247.42935,23680.22746,26191.56727,25132.53092,26147.70105,26388.22379,22624.91539,22455.14736,23704.3284,25297.67986,24914.60337,23981.02201
Ecuador,1445.279324,1894.616196,2172.101877,2425.851842,2691.277685,3002.138604,3328.884156,3567.837186,4249.01897,4231.619235,4633.591284,5200.555108,5682.046108,6056.331213,6377.093929,6124.490887,6060.092962,6213.503127,6295.934662,6222.524653,5627.77228
Egypt,1450.476242,1378.203383,1191.103239,1102.468199,1062.158092,1186.393313,1397.43669,1667.317998,2044.527804,2331.26884,2645.968759,2791.810766,3229.68563,3262.657586,3379.557986,3562.932658,3519.87324,2444.290387,2537.125185,3019.092283,3569.206841
Euro area,20215.63404,20450.66973,22213.42407,27194.45157,31006.78165,31949.48392,33796.53946,38717.26813,42355.1551,38580.84603,37605.90024,40657.60014,37595.87709,39120.33334,39912.44232,34388.28378,35163.47243,37154.48194,40059.18248,39195.77483,38012.66729
Eritrea,308.1341868,316.8239534,293.9556724,334.5855715,407.769077,388.5959475,415.0360305,439.8321034,450.6323989,595.1099872,501.355317,642.5082588,0,0,0,0,0,0,0,0,0
Spain,14749.68742,15369.00116,17106.68658,21510.83625,24907.00085,26429.15094,28389.07858,32591.35031,35510.72223,32169.50285,30532.48051,31677.90031,28322.80925,29067.80946,29500.78943,25742.36883,26523.34822,28170.16786,30364.57994,29554.49052,27056.42175
Estonia,4070.609024,4505.858332,5341.628947,7203.523038,8914.103557,10412.64431,12639.40007,16744.58445,18204.96648,14711.73527,14663.04461,17487.80478,17403.20533,19056.00192,20261.06673,17402.03761,18295.34293,20437.76538,23063.56382,23397.87826,23054.35849
Ethiopia,124.4607909,120.7657837,111.9272251,119.490396,136.46625,162.4327286,194.6874329,244.2860523,326.4368228,380.5690032,341.5541227,354.4795719,467.0778718,499.5315302,566.9264029,640.5419231,717.1248698,768.5230154,771.5248663,855.7608852,936.4507576
European Union,16947.62486,17199.11145,18761.14413,22968.34912,26308.6808,27344.67445,29093.77846,33591.38512,37050.44892,33484.20596,32970.71547,35756.32903,33158.89214,34578.05193,35286.11738,30485.02881,31186.51062,33094.40835,35753.36685,35089.28279,34191.82825
Finland,24345.91482,24967.79252,26997.75299,32927.68029,37772.17811,39054.85044,41222.602,48476.39273,53772.79424,47481.48454,46505.30318,51148.93164,47708.06128,49892.22336,50327.24029,42801.90812,43814.02651,46412.13648,49988.91085,48628.64176,49160.83715
Fiji,2069.317455,2030.246351,2248.714191,2818.91392,3311.159895,3627.632856,3715.932657,4040.152119,4167.694935,3362.820495,3652.535933,4371.447385,4591.577015,4840.72727,5605.609148,5390.714207,5651.272721,6101.02389,6317.413723,6175.890653,5102.843929
France,22419.69482,22452.98238,24292.58023,29633.67898,33803.3096,34773.15015,36474.15959,41561.20051,45519.29688,41740.24303,40677.98514,43848.10605,40872.36246,42605.04438,43068.54872,36652.92231,37062.53357,38781.04949,41592.7959,40578.64429,39037.12263
Faroe Islands,22856.73883,24724.45795,27021.812,31624.51331,35886.91573,36756.12167,42153.94197,48784.8905,52034.57903,48011.89311,48578.59681,52267.12318,50464.65867,55892.28702,60484.34073,53310.26201,58224.80551,61455.05261,65572.60753,67153.68194,66320.6792
Micronesia Fed. Sts.,2171.889577,2248.492115,2265.944108,2295.868178,2253.113745,2358.1467,2406.114412,2458.658394,2541.261625,2721.97609,2885.305492,3009.256825,3131.386715,2994.792394,2971.512602,2906.617012,3014.700358,3289.642117,3568.291016,3624.249092,3542.969788
Gabon,4135.99238,3993.031336,4141.434366,4933.46217,5739.613204,6891.36192,7221.369877,8458.309179,10254.17196,7721.018953,8849.322608,10809.68495,9813.505747,9683.58162,9663.42411,7384.700704,6984.419712,7230.434912,7959.007267,7766.996554,6881.714225
United_Kingdom,28223.06757,27806.44882,30049.89632,34487.46757,40371.71083,42132.09072,44654.09692,50653.25691,47549.34863,38952.21103,39688.61497,42284.88449,42686.80005,43713.81412,47787.2413,45404.56777,41499.5557,40857.75558,43646.95197,43070.49836,41098.07865
Georgia,749.908535,801.9904139,853.5164537,1010.00798,1305.047486,1642.760938,1996.057129,2635.353882,3324.735879,2822.66743,3233.295943,4021.743306,4421.818242,4623.745725,4739.188338,4014.185944,4062.169888,4357.000936,4722.042423,4696.150586,4255.742993
Ghana,258.4710399,269.0149848,304.564636,367.8213621,417.5080667,492.5440562,913.3938493,1081.166318,1217.064435,1077.662058,1299.345212,1549.462719,1587.560932,2361.090324,2012.264247,1774.074771,1971.956935,2074.290733,2260.860567,2246.625578,2254.153889
Gibraltar,0,0,0,0,0,0,0,0,0,0,0,0,0,0,0,0,0,0,0,0,0
Guinea,363.4822793,336.1540207,343.6026312,393.7396899,407.3009759,322.41554,453.4037133,659.992931,715.0965267,674.0854826,672.4249304,651.1361134,717.0505359,769.0031667,787.2385644,769.2554754,732.2915119,855.5752706,955.1112811,1052.588091,1078.950006
Gambia The,594.1493885,505.4216361,411.7718939,335.906217,642.7562183,665.7202157,662.3628772,780.3810509,924.5098746,833.2813604,860.6364339,762.7631177,742.7776286,700.5160422,607.4299047,660.7235712,690.7804932,679.7550717,732.7207273,772.5055883,757.4131116
Guinea_Bissau,308.9103184,319.9574494,333.0585793,372.0561949,405.0751184,436.4752202,430.0039403,493.7219932,599.9952372,559.4145709,558.1746681,703.6605673,616.375664,634.6620391,623.3130914,603.3993815,661.4578387,738.5499449,802.7673851,749.453747,727.5201717
Equatorial Guinea,1725.557584,2313.165937,2744.191483,3618.544476,6152.131238,10963.40638,12857.36882,15908.41119,22942.6101,16668.1217,17288.84128,21641.69508,21711.15323,20390.73826,19394.08184,11283.39802,9250.316728,9667.856962,10005.61604,8380.741122,7198.335884
Greece,12072.92936,12549.03689,14177.57216,18518.37884,21995.47794,22560.14729,24821.93675,28863.97329,32127.98319,29828.75602,26716.64883,25483.88256,21912.99829,21787.78776,21616.71001,18083.87791,17923.96681,18582.08934,19756.99046,19133.75776,17647.23269
Grenada,5056.977259,5041.012235,5213.795649,5682.705378,5741.653658,6645.985549,6658.223586,7212.986819,7832.349081,7290.834938,7258.166561,7291.74167,7444.089075,7789.632355,8370.040472,9096.538652,9628.259169,10152.83281,10466.88221,10834.49568,9273.199292
Greenland,19004.10729,19275.47334,20652.87833,27459.76278,32023.45221,32489.78191,35458.12312,39780.95144,44367.05565,44918.56488,43988.33249,47186.98147,45936.76595,47535.58995,50484.92757,44536.40131,48181.87419,50766.59942,54545.29998,53256.24409,54570.37502
Guatemala,1664.298958,1550.360366,1682.994501,1737.879287,1859.098363,2068.500129,2251.087963,2490.749127,2802.461962,2651.817123,2852.547327,3228.045741,3355.036919,3522.773706,3779.642336,3994.636913,4173.301666,4454.04815,4478.424646,4638.634943,4603.339643
Guam,0,0,21594.03969,22628.27869,24472.78202,26596.21479,26713.05839,27680.54996,29288.78186,30320.53859,31040.0843,31210.47029,32908.30677,33656.45357,34843.20557,35829.25036,36214.00692,36601.91988,36556.67491,38040.58699,34624.34013
Guyana,954.4003181,955.6653806,974.9491933,997.2113729,1056.423886,1105.506825,3188.67316,3658.479967,4050.786237,4233.766143,4580.698762,4908.566448,5378.810878,5489.140726,5407.147366,5576.825852,5811.397924,6124.95367,6145.819277,6609.51128,6955.939217
High income,25224.96379,24822.42601,25723.72913,28653.8671,31694.41026,33295.52822,34919.67493,37953.03345,40116.22615,37307.33378,38836.67113,41742.15873,41524.88924,41805.75112,42455.82354,39847.26178,40475.17746,42118.2044,44571.43358,44774.77502,43282.42346
Hong_Kong,25756.66378,25230.21633,24665.89,23977.01945,24928.10037,26649.7508,28224.21506,30594.01784,31515.66277,30697.34038,32549.99823,35142.48793,36730.8767,38403.77771,40315.28556,42431.88828,43733.91636,46160.42979,48537.56689,48356.0635,46100.97587
Honduras,1093.1081,1133.186372,1134.064445,1158.178083,1217.818021,1308.09197,1430.057614,1583.047451,1739.353377,1789.705553,1904.347152,2088.315547,2144.342363,2102.592449,2206.054397,2302.204411,2342.584904,2453.727115,2510.322943,2574.356751,2405.732848
Croatia,4887.713716,5412.925136,6293.225299,8129.794584,9747.440771,10621.50746,11797.47447,14046.31681,16416.58681,14653.04355,14067.52312,14757.18034,13401.65662,13837.73164,13762.37286,11933.37738,12527.73986,13629.28959,15227.5601,15311.7669,14132.48656
Haiti,805.0256325,735.5211179,692.0301629,542.3335961,667.2825464,781.2766578,804.5245119,1002.888487,1086.938192,1183.604854,1191.972664,1287.95465,1337.335946,1432.837618,1435.13647,1386.854191,1290.380508,1369.063734,1479.345827,1312.770636,1272.367992
Hungary,4624.281657,5276.033189,6655.333009,8421.103313,10303.70419,11225.93258,11493.10041,13944.97101,15777.19202,13081.79264,13223.083,14240.2575,12989.18028,13719.95054,14298.83367,12720.71202,13107.37791,14623.69665,16427.37276,16735.65978,16075.97327
IBRD only,1467.45532,1468.683598,1474.616427,1639.981113,1933.950909,2288.208443,2685.975836,3302.7373,3924.500888,3768.858814,4539.714719,5319.547737,5594.613089,5844.710354,5980.853387,5547.679602,5540.167966,6058.914633,6387.748819,6473.782551,6176.40377
IDA & IBRD total,1260.790045,1257.731182,1265.200191,1401.817086,1646.569515,1938.86413,2270.221332,2769.591636,3279.621665,3146.434078,3759.97122,4343.996248,4552.291849,4751.116991,4859.135489,4509.589868,4493.836521,4879.042932,5110.911271,5168.837517,4925.381242
IDA total,496.9040661,487.8591692,511.3701405,555.4806623,638.4720813,729.105958,849.5056205,971.1013152,1132.965465,1101.696321,1232.055912,1220.833482,1254.827053,1332.400378,1394.917755,1342.999404,1342.913778,1372.988159,1369.260457,1399.11567,1365.047843
IDA blend,573.992377,559.6731838,604.2309695,663.936382,789.5955566,922.3709761,1127.253062,1269.455983,1472.751356,1363.656517,1556.630147,1742.589635,1882.681302,1997.468021,2093.792195,1972.147153,1861.940378,1787.801592,1835.321807,1852.219116,1740.603808
Indonesia,780.1902047,748.2576087,900.1775881,1065.64852,1150.261367,1263.287332,1589.801489,1860.002811,2166.854231,2261.247309,3122.362673,3643.047176,3694.35934,3623.927241,3491.637491,3331.695115,3562.816334,3837.578024,3893.859578,4135.233344,3870.55762
IDA only,459.5861423,453.2744687,465.9970207,502.3602957,563.8801096,633.3478377,710.9345197,822.4673948,963.6643453,971.2915334,1069.976001,958.7904642,938.7390353,997.0369037,1041.977873,1024.886105,1080.258622,1162.971829,1133.259641,1169.69953,1175.586605
Isle of Man,20322.68202,21351.11694,24864.43629,29522.27779,35494.66734,37766.67954,42107.83723,54196.30173,70986.30133,65029.01975,69767.34336,77349.22524,79148.33225,83357.13268,92334.64631,85126.97047,82197.12677,83477.83429,89112.66772,86481.55259,0
India,443.3141938,451.5729973,470.9867868,546.7266135,627.7742417,714.8610154,806.7532806,1028.334772,998.5223415,1101.960838,1357.563727,1458.104066,1443.882435,1449.610451,1573.885642,1605.605445,1732.554242,1980.66702,1998.259076,2072.244897,1933.101069
Not classified,0,0,0,0,0,0,0,0,0,0,0,0,0,0,0,0,0,0,0,0,0
Ireland,26334.56721,28282.40988,32705.43456,41203.52958,47754.20232,50933.02161,54329.16186,61396.41746,61353.10656,52133.09062,48655.36616,52177.11268,49026.02307,51533.03457,55599.8508,62012.48493,62861.63912,69774.02897,79107.60499,80886.61574,85422.54287
Iran,1670.009674,1909.412306,1911.678649,2253.935835,2756.198822,3246.051122,3774.358055,4904.666183,5717.314148,5709.948293,6599.660938,8389.273913,8525.768136,6443.029785,5943.048107,5200.680787,5755.802448,6032.065127,4046.341864,3514.042168,2756.749977
Iraq,2058.264401,1494.388802,1320.734706,854.8252808,1391.963489,1855.522348,2373.209448,3182.841351,4636.639325,3853.82862,4657.280269,6045.494567,6836.073995,7076.552265,6637.684375,4688.318017,4550.658638,4985.452879,5915.850854,5943.458455,4583.747494
Iceland,32096.37226,28897.44394,32409.21615,39476.69785,47334.93065,56794.85016,57492.93425,69495.72674,56943.37045,41301.27322,43237.07295,47714.59223,45995.54788,49804.983,54576.74481,52951.68151,61987.92636,72010.14903,74469.80406,68941.46223,59264.03409
Israel,21061.48228,20316.24805,18439.64616,18991.37985,19910.61067,20585.13861,21853.14024,24952.54759,29650.77025,27780.46372,30780.02382,33775.512,32667.60687,36499.45611,37847.64994,35808.43643,37330.2618,40774.12961,42063.45313,43951.24773,44177.57122
Italy,20137.59122,20500.9544,22376.2979,27526.32246,31317.20079,32055.09208,33529.7266,37870.74751,40944.91242,37226.75719,36035.645,38649.63948,35051.52127,35560.08141,35565.72138,30242.38614,30960.73151,32406.72032,34622.16967,33673.47545,31834.97262
Jamaica,3392.123878,3437.655517,3609.203331,3480.511665,3733.798671,4103.601637,4331.292053,4623.747897,4928.126409,4335.178411,4704.04776,5111.465987,5209.859264,4989.734089,4834.284009,4907.927415,4843.7499,5070.099503,5359.993789,5369.498371,4664.530242
Jordan,1651.621798,1720.361427,1802.055064,1876.259338,2044.963723,2183.394643,2513.028732,2735.378767,3455.769953,3559.692102,3736.645462,3852.890025,3910.346894,4044.426869,4131.44735,4164.108769,4175.356602,4231.51828,4308.151074,4405.487109,4282.765825
Japan,39169.35957,34406.18246,32820.79364,35387.03742,38298.98017,37812.89502,35991.546,35779.02454,39876.30397,41308.99684,44968.15623,48760.07895,49145.28043,40898.6479,38475.39525,34960.63938,39375.47316,38834.05293,39727.1166,40458.00188,39918.16756
Kazakhstan,1229.001247,1490.92709,1658.030785,2068.123979,2874.288483,3771.278957,5291.575305,6771.414797,8458.017154,7165.223175,9070.488253,11634.0012,12386.69927,13890.63096,12807.26069,10510.77189,7714.841844,9247.581331,9812.626371,9812.595808,9121.637138
Kenya,397.4826588,395.3294716,389.5426302,429.787819,451.6687666,511.6163943,685.9544229,825.666555,902.0699578,1035.338787,1080.296184,1085.487152,1271.815383,1354.820833,1462.220052,1464.554009,1525.235192,1633.491216,1794.091175,1909.304537,1872.124026
Kyrgyz,279.6195693,308.4096116,321.7270332,380.5064324,433.2349766,476.55213,543.1107024,721.7686908,966.3936272,871.2243893,880.0377751,1123.883168,1177.974735,1282.437162,1279.769783,1121.082835,1120.666513,1242.769643,1308.140165,1374.032105,1182.5217
Cambodia,300.613679,321.1502236,338.9874773,362.3354822,408.5136388,474.1111921,539.7503289,631.5252576,745.609127,738.0547312,785.5026671,882.275614,950.880346,1013.420536,1093.495976,1162.904995,1269.591499,1385.260066,1512.126989,1643.121389,1547.511388
Kiribati,796.8032036,735.0691064,826.9168653,1015.667006,1131.152504,1214.635603,1168.473302,1374.395199,1428.134977,1312.023455,1508.789745,1724.980257,1782.924951,1710.592937,1625.9913,1535.162783,1586.344978,1648.594957,1693.950155,1512.95277,1514.591059
St. Kitts and Nevis,9565.949909,10283.0328,10650.84515,10270.60416,10942.72823,11679.40971,13614.49337,14429.55024,16142.0427,15931.87331,15888.63951,16910.57011,16564.05504,17393.42727,18789.6345,18717.42876,19542.16228,20382.77987,20567.25826,22047.88303,18440.85368
S_Korea,12256.99357,11561.24837,13165.06574,14672.85747,16496.12009,19402.50263,21743.47745,24086.41044,21350.42798,19143.85161,23087.22564,25096.26388,25466.76052,27182.73431,29249.57522,28732.23108,29288.87044,31616.8434,33436.92306,31902.4169,31597.50465
Kuwait,18440.37852,16587.24865,17846.37616,22148.37815,27011.654,35591.03713,42781.56475,45782.14857,55494.9301,37561.72593,38577.49828,48631.7834,51979.12069,49388.05338,44062.34091,29869.55275,27653.15762,29759.46747,33399.06048,32373.25111,24811.76971
Latin America & Caribbean (excluding high income),4199.341935,4025.350812,3569.395494,3602.711774,4059.980209,4856.045751,5599.171247,6539.234548,7478.332051,6863.890423,8498.597854,9824.186368,9667.271497,9815.816253,9755.448557,8203.003864,7885.57463,8699.475686,8357.124704,8165.360565,6765.532776
Lao PDR,325.1869371,326.9417867,320.0614597,362.8214135,417.9291685,475.6107962,591.000192,710.3764067,900.7387639,949.1783811,1141.235703,1378.498492,1581.62871,1831.936916,1999.958203,2140.044323,2324.400917,2455.211559,2569.093892,2613.944427,2608.982833
Lebanon,4491.641934,4422.389292,4579.459593,4576.387617,4630.790585,4575.107459,4626.853003,5207.792723,6111.327281,7354.953605,7761.641489,7675.30894,7948.685449,7928.28957,7681.657944,7643.008718,7617.689634,7776.034642,8003.827612,7527.44306,3801.792743
Liberia,306.8338642,306.7102516,306.4739396,243.0895775,286.0647253,294.8932201,336.1156743,396.6017613,478.3995401,470.9481214,513.4455667,596.8966353,675.0101918,747.8686601,739.911935,721.5810505,740.914906,721.085044,710.2659984,672.3404992,601.0630058
Libya,7142.771786,6266.489821,3703.042952,4673.145576,5800.588826,8163.00937,10207.95598,11387.08619,14311.23873,9913.651824,12162.66871,7709.940397,14721.86924,11921.90828,9017.93368,7590.442981,7687.882134,10205.32483,11482.13364,10218.04303,7614.325449
St. Lucia,5950.047485,5642.748904,5646.456535,6150.921369,6591.645501,6949.204173,7669.21347,7969.797993,8456.694632,8137.750991,8540.07098,8983.743733,9086.387955,9378.985047,9843.308534,10093.61802,10362.35158,11034.62983,11353.71523,11591.08044,8804.561089
Low income,481.4161019,468.8657927,487.9832214,518.951959,592.6675502,688.8598125,783.2660056,914.0604069,1066.750783,1057.709922,1162.622904,852.0498945,788.1957823,789.200762,821.3361813,791.7100264,764.7048854,834.4908817,699.4114352,720.474279,703.7338455
Liechtenstein,74853.93873,74287.41337,79345.75247,89859.86537,100289.243,105399.2605,114374.2465,130655.637,143264.0594,126096.6104,141192.5347,158130.4575,149010.2249,173030.2083,178864.8519,167313.2663,165642.3863,171253.9643,176499.4026,169049.1569,0
Sri Lanka,869.696285,832.8035723,867.4914868,982.195697,1065.784437,1248.698185,1435.816813,1630.388906,2037.322103,2090.401826,2799.648738,3200.861132,3350.521876,3610.289363,3819.25353,3843.780672,3886.291502,4077.043841,4059.20823,3848.212376,3694.040948
Lower middle income,623.5333879,626.3038802,658.4241313,743.2009999,846.9947942,966.9313966,1126.107368,1360.742579,1516.921042,1520.387397,1828.252092,2069.305481,2138.965153,2141.518319,2191.985872,2109.3345,2193.471208,2322.906883,2335.303125,2411.334922,2285.711107
Low & middle income,1193.112078,1186.906946,1199.695542,1332.789366,1560.39578,1832.529348,2145.015665,2613.858314,3086.455356,2979.63775,3578.022127,4167.510276,4375.13355,4570.563791,4661.974204,4366.051099,4349.147276,4718.39202,4933.697969,4993.619381,4759.776082
Lesotho,436.4881373,405.6057121,382.1896086,573.6517781,753.3759044,842.812631,904.6061298,846.5423208,889.1342855,874.7298605,1119.843641,1287.269536,1229.636232,1166.911756,1194.575627,1146.064688,1018.784872,1102.629728,1192.48432,1153.388058,1050.631634
Lithuania,3293.229979,3525.793632,4141.592702,5499.428989,6700.327192,7854.765279,9230.707981,12285.44705,14944.99665,11820.77616,11987.50841,14376.94786,14367.70942,15729.65247,16551.0182,14263.96458,15008.31324,16885.40739,19186.18128,19575.76848,20232.30204
Luxembourg,48659.59888,48440.14202,53005.73392,65689.32145,76544.91709,80988.13762,90788.80049,107475.3203,120422.1379,109419.747,110885.9914,119025.0572,112584.6763,120000.1407,123678.7021,105462.0126,106899.2935,110193.2138,117254.7404,113218.7133,116356.158
Latvia,3361.640869,3578.0019,4136.933297,5145.195232,6378.666521,7594.902384,9723.446902,14113.52913,16467.14369,12331.92855,11420.994,13338.96224,13847.33794,15007.49186,15742.39134,13786.4568,14331.75159,15695.11515,17865.03109,17926.84159,17703.95344
Macao SAR China,15835.99101,15665.29797,16424.93211,17921.10457,22568.31017,25183.13268,30121.56043,36550.50516,40810.82804,41010.06826,52473.19099,66891.28197,76572.15179,89260.7571,93022.87514,74818.94813,73545.75824,81019.47377,87526.07999,86197.36569,39403.13591
St. Martin (French part),0,0,0,0,0,0,0,0,0,0,0,20717.09321,0,0,21459.31913,0,0,0,0,0,0
Morocco,1334.943481,1339.294067,1416.488403,1725.45752,1952.902588,2018.025513,2196.01123,2499.26001,2890.360596,2866.924072,2839.926025,3046.947754,2912.658203,3121.680176,3171.699219,2875.258057,2896.722168,3035.454346,3226.98291,3235.000732,3058.69165
Monaco,82365.49236,83724.46591,90506.85951,108656.8026,123523.4932,124197.2754,134048.6219,169966.3069,185785.7259,154775.3808,150737.8925,169016.1961,157520.2194,177673.7454,189432.37,165989.5051,170028.6557,167517.0597,185978.6093,189487.1471,173688.1894
Moldova,440.6720307,507.5576584,570.9726454,682.5255088,897.4499588,1034.707058,1183.379211,1531.685476,2111.201495,1899.010117,2437.537683,2942.252807,3045.730612,3322.04998,3328.79433,2732.46073,2880.43529,3509.686829,4230.626969,4492.10574,4525.759654
Madagascar,293.6071574,334.4416177,319.2163788,368.7972369,284.4877263,319.5374751,338.7511983,438.6555158,536.3514017,467.5397834,471.9592116,531.2654321,518.1528127,541.0659437,530.8610389,467.2354316,475.9555568,515.2933234,518.401123,526.2245722,477.6130414
Maldives,2234.595861,3038.781417,3049.207981,3476.006273,3941.431136,3640.012132,4809.93374,5574.401981,6614.23618,6636.543871,7076.739821,7291.465967,7265.723399,7928.476443,8499.307148,9033.41027,9209.443564,9577.346946,10279.07998,10561.61351,6924.105745
Middle East & North Africa,3318.57082,3240.497035,3163.883187,3442.683666,3988.368112,4704.36999,5399.77715,6243.049021,7617.930158,6734.13743,7703.878573,8518.297706,8992.171694,8666.91024,8540.737206,7375.464756,7307.448457,7469.549834,7704.420769,7587.355596,6688.08728
Mexico,7157.8145,7544.568723,7593.137345,7075.369643,7484.486399,8277.671564,9068.294218,9642.680517,10016.57121,8002.972178,9271.398396,10203.4213,10241.72783,10725.18359,10928.91601,9616.645558,8744.515559,9287.849587,9686.984927,9950.217622,8431.665017
Marshall Islands,2272.678016,2389.060707,2515.624045,2457.65454,2431.166018,2471.352046,2537.717206,2646.873996,2704.463554,2662.334015,2846.065542,3046.290071,3181.6247,3246.63025,3185.261354,3199.886846,3490.998389,3672.576783,3793.550983,4073.10983,4129.850998
Middle income,1255.774331,1251.030269,1264.446679,1407.875055,1651.071685,1941.457147,2276.737255,2780.751448,3288.00379,3174.717717,3826.335329,4510.250941,4750.537744,4971.544305,5074.932484,4755.93561,4745.70858,5154.4311,5415.611006,5487.844058,5237.022473
North Macedonia,1861.898065,1823.023561,1989.135125,2440.476943,2795.899261,3072.678573,3362.968419,4079.391954,4841.251694,4584.709832,4577.688755,5098.097583,4728.308142,5241.058345,5495.735049,4861.553971,5149.589074,5450.492881,6108.740108,6070.388054,5846.465899
Mali,270.5430066,307.7058286,336.4171745,393.4067552,440.9584225,489.0228556,523.0429833,597.4798157,697.0878037,701.7120055,710.2743036,837.6057753,778.6252109,805.0339407,848.2789916,751.4728892,780.7235497,830.0214445,894.8048435,879.0431675,862.453012
Malta,10432.32812,10402.23337,11289.88984,13669.49712,15197.05671,15888.17232,16723.88418,19485.87119,22205.35681,21083.27715,21799.17426,23155.55479,22527.63676,24771.07658,26754.26845,24921.60368,25624.53727,28857.01987,31573.11656,31185.64962,28946.46268
Myanmar,146.6045788,131.7152982,128.0997018,161.0555236,193.3687658,216.3115014,240.6240142,314.2022942,460.9088892,586.1681802,746.94536,1061.344429,1134.302224,1168.165453,1210.097654,1196.743333,1136.610627,1151.114464,1250.173685,1271.111536,1450.662673
Montenegro,1627.072633,1909.598702,2106.635068,2789.159065,3380.165121,3674.617924,4425.678873,5976.394145,7367.751909,6727.107767,6688.4824,7328.932252,6586.721279,7188.862445,7387.871036,6517.189614,7033.438006,7803.362579,8850.378404,8909.890151,7694.633759
Mongolia,474.2170943,524.0540084,571.594979,646.192471,797.9777263,998.829388,1334.212724,1632.727582,2136.562402,1714.361827,2643.287083,3757.565415,4351.888461,4366.089537,4158.521471,3875.321675,3658.3903,3687.100003,4156.84697,4404.84583,4060.950518
Northern Mariana Islands,0,0,21981.78456,21379.02474,21139.06359,18763.15278,17714.63336,16988.13728,17191.1902,14669.52061,14804.24673,13496.75078,13736.97197,14091.19118,15044.9359,16314.38355,21891.18479,27584.74351,22886.67405,20659.64029,0
Mozambique,319.3596208,296.2684069,302.5452337,326.0751909,383.2702219,416.8098242,435.3340633,482.1985636,563.6496343,520.4026316,471.90436,594.5861485,657.6450363,664.0772657,673.9694763,589.8594314,428.9264503,461.4149278,503.3020092,506.8171391,448.8438914
Mauritania,676.5690224,646.1151155,639.6675829,717.8998676,803.7779156,970.8423607,1259.541505,1357.124285,1579.511548,1389.338533,1610.92063,1879.770243,1815.218939,1892.096098,1677.109019,1524.073317,1536.855615,1587.858904,1669.773476,1743.301317,1702.486959
Mauritius,3929.075495,3856.625227,4018.948897,4793.718179,5388.065784,5282.906022,5695.969327,6574.654338,8030.063005,7318.12641,8000.376432,9197.026972,9291.227619,9637.00265,10153.93822,9260.447303,9681.618567,10484.90836,11208.34382,11097.16898,8632.752859
Malawi,156.3858168,150.1489426,298.4334104,267.3990119,282.5671076,289.5552148,308.1636182,332.2590946,387.6057212,438.2118568,478.6686885,534.9510502,391.5617052,348.4298737,371.2695217,380.5969877,315.7779871,506.1372944,544.5934593,591.8470837,636.2863096
Malaysia,4043.662923,3913.429386,4165.726104,4461.847325,4952.213958,5587.02478,6209.126167,7243.456801,8474.587762,7292.494973,9040.568495,10399.37021,10817.43171,10970.1043,11319.06194,9955.242722,9817.78709,10259.30481,11380.07922,11432.82603,10412.34767
North America,35151.3296,35831.37937,36651.82911,38395.22158,40788.09354,43368.25243,45741.03259,47727.48204,48398.10295,46581.28354,48552.94241,50289.0244,51881.17089,53234.1501,54714.47093,55452.42138,56312.43488,58430.1986,61158.56356,63175.74013,61000.85526
Namibia,2185.604115,1950.648536,1808.884899,2621.700395,3464.418226,3739.531717,4059.101348,4405.410399,4212.367197,4295.387143,5394.996712,5806.748246,5942.29274,5392.094938,5469.9014,4896.61526,4546.986688,5367.114674,5588.392864,5028.295342,4157.019506
New Caledonia,16039.17388,15174.27743,16885.89613,21817.32381,25770.54099,26861.71059,29604.04382,36864.87792,37353.75078,35391.08018,37494.88437,40697.63007,37294.02726,38503.26306,39675.58194,32520.30457,32391.20197,33976.54853,36382.49553,34788.54031,34694.5504
Niger,197.8326834,208.3770599,228.2359086,268.349893,286.4900658,321.7236612,336.2819503,390.2844802,478.502559,464.057999,476.8695322,512.595335,529.7444581,552.569139,564.5967488,484.1531374,500.2149113,517.7715723,570.723922,554.0993893,567.6698923
Nigeria,567.9307221,590.381815,741.7474939,795.3862287,1007.874342,1268.383462,1656.424794,1883.461388,2259.114059,1911.607866,2280.437337,2487.598017,2723.822191,2961.549422,3098.985791,2687.480056,2176.002772,1968.565398,2027.778549,2229.858652,2097.092473
Nicaragua,1007.499839,1034.551387,1000.936715,1005.733044,1080.269119,1162.289685,1226.633987,1327.947389,1499.25762,1444.36951,1503.872231,1655.8105,1760.460308,1811.636803,1934.062922,2049.851666,2107.57406,2159.161926,2014.575189,1924.471816,1900.043594
Netherlands,26214.49855,26896.54811,29343.245,35750.97466,40436.61823,41994.71353,44900.93814,51799.20855,57879.94376,52722.21306,50999.74512,54230.3129,50070.1416,52198.89756,52900.53742,45193.40322,46039.10593,48675.22234,53044.53244,52476.27325,52396.03221
Norway,38131.46061,38542.7151,43084.47247,50134.89077,57603.83602,66810.47852,74148.32008,85139.96045,96944.09561,79977.69708,87693.79007,100600.5624,101524.1419,102913.4508,97019.18275,74355.51586,70460.56053,75496.75406,82267.80932,75719.7529,67329.67779
Nepal,229.4903926,246.7255581,244.7208435,252.4023518,286.1576726,315.80563,346.9453313,391.3800572,470.455459,478.1732528,592.4012071,797.8139473,804.1416073,823.3598746,844.8531249,901.7496077,899.523581,1048.453755,1178.525957,1194.957236,1147.471971
Nauru,0,0,0,0,0,0,0,0,0,0,4752.175082,6560.27487,9562.667866,9648.495655,10171.48073,8341.012278,9521.042101,10339.38548,11614.66508,11029.73558,10580.26819
New_Zealand,13641.10272,13882.85683,16874.18749,21913.70817,25420.23488,27751.06547,26654.5932,32479.98174,31252.96256,28209.36233,33676.77412,38387.62708,39973.38076,42976.64959,44572.89875,38630.72659,40058.19616,42924.9956,43250.44097,42865.23364,41596.5055
OECD members,23007.48107,22620.53002,23429.8991,26019.12309,28756.33103,30185.62364,31612.01388,34354.35662,36190.52047,33615.97798,35025.50921,37486.55175,37217.70866,37477.67902,37993.05368,35590.73172,36037.76772,37377.57018,39306.7924,39478.31197,38116.42222
Oman,8601.271944,8475.968643,8626.965234,9066.312371,10126.13774,12377.08001,14420.51204,15838.46956,22139.74071,16823.79498,21369.35297,23837.31094,24988.01259,23888.62658,23017.93398,18444.927,16772.73921,17329.18546,18947.3665,17700.70349,14485.38612
Other small states,4370.08818,4274.292534,4534.112424,5547.415538,6753.972105,8008.480303,9187.777369,10954.53824,13045.05172,10905.7047,12378.48615,14896.65861,15212.73848,15553.00274,15733.94809,12780.72639,12385.43331,13215.42974,14368.92697,13799.29553,11792.06642
Pakistan,576.1955804,544.4942514,534.3039007,599.3763305,687.8364127,748.9225893,836.8605262,908.0950852,990.8466112,957.9956753,987.409712,1164.978823,1198.117637,1208.91771,1251.175719,1356.667831,1540.184503,1631.531909,1678.04315,1481.813864,1359.514522
Panama,4060.317793,4046.429148,4126.232386,4267.292687,4592.152614,4916.907612,5348.884253,6166.187862,7154.274496,7576.140467,8082.01618,9358.26813,10722.26148,11889.09507,12796.07404,13630.30115,14343.98026,15146.40851,15544.99908,15774.25495,12509.83529
Peru,1955.588006,1941.475342,2021.240038,2145.643889,2417.034363,2729.499172,3154.331349,3606.070689,4220.616378,4196.311627,5082.353706,5869.323882,6528.971775,6756.752996,6672.877373,6229.100674,6204.996457,6710.507602,6958.497262,7023.077526,6117.493571
Philippines,1072.801752,990.5659913,1036.158331,1048.008205,1121.490006,1244.348741,1452.438089,1744.639979,1998.02692,1904.196388,2217.472153,2450.735694,2694.305109,2871.429701,2959.645435,3001.043182,3073.654686,3123.245642,3252.110274,3485.340844,3301.218603
Palau,7657.951214,8092.207323,8307.957438,7771.209368,8317.113942,9626.612414,9843.049373,10381.42387,10598.88283,10252.75014,10356.63362,11094.83322,12044.10547,12561.33614,13711.7617,15876.46193,16835.986,16019.98989,15895.2599,15232.48708,14243.86469
Papua New Guinea,602.1864903,515.6847804,491.8343081,568.2463486,618.0367032,749.1865116,1256.979648,1401.949447,1672.951024,1626.312855,1949.351185,2406.910967,2790.676303,2729.888751,2920.782986,2679.346579,2509.629637,2695.249009,2801.371393,2820.306397,2757.011019
Poland,4501.454067,4991.244358,5207.171421,5701.602212,6681.386472,8021.505743,9035.410467,11254.51739,13996.02515,11526.05589,12613.011,13879.56099,13097.27085,13696.4663,14271.30585,12578.49547,12447.43959,13864.68176,15468.48222,15732.20313,15742.45373
Puerto_Rico,16192.12697,18123.1987,18731.45939,19557.12025,20988.99233,21959.3227,22935.94116,23664.88235,24898.33459,25768.72589,26435.74879,27278.88305,27944.73389,28513.16574,28981.45733,29763.4883,30627.1634,31108.76057,31604.70151,32850.54861,31429.86612
N_Korea,0,0,0,0,0,0,0,0,0,0,0,0,0,0,0,0,0,0,0,0,0
Portugal,11526.37207,11734.76497,12936.69282,15797.78213,18064.15809,18780.12751,19839.45405,22811.05648,24949.04136,23151.21541,22520.64231,23217.2955,20563.7136,21653.19598,22103.70097,19250.10654,19991.97249,21490.42986,23562.55452,23330.81729,22194.56611
Paraguay,1663.604939,1565.054289,1300.852367,1365.416418,1679.49512,1843.634108,2271.088885,2976.84448,4047.702445,3626.747293,4342.065845,5326.358284,5185.141549,5936.975959,6118.31811,5413.776021,5324.609068,5678.869972,5782.78455,5383.574422,4967.687212
West Bank and Gaza,1476.17185,1335.553195,1156.217473,1257.69857,1422.190886,1543.701414,1570.1044,1664.245717,2035.202341,2191.781787,2557.075624,2880.798437,3067.438727,3315.297539,3352.112595,3272.154324,3527.613824,3620.360487,3562.330943,3656.858271,3233.568638
French Polynesia,14350.61586,0,0,0,0,0,0,0,0,0,0,0,0,0,0,19500.10086,20020.09386,21127.06433,22094.75746,21512.2733,20182.5845
Qatar,29976.16763,28517.22084,30214.67042,34517.60321,42124.94084,51455.95094,59530.561,65421.37692,80234.19083,59094.65918,67403.08768,82409.94164,85075.98654,85050.68435,83858.34046,63039.11263,57162.96801,59124.86727,65907.94843,62087.97413,50124.38594
Romania,1659.90764,1825.179805,2119.882673,2679.41191,3494.944517,4617.929016,5757.496429,8360.166321,10435.04398,8548.118672,8214.076893,9099.217539,8507.104775,9547.852151,10043.67745,8969.148921,9548.587403,10807.00917,12398.98198,12899.34611,12956.56625
Russia,1771.594116,2100.352539,2377.529541,2975.125244,4102.364746,5323.462891,6920.188965,9101.254883,11635.27246,8562.813477,10674.99609,14311.08398,15420.875,15974.64453,14095.64844,9313.013672,8704.898438,10720.33301,11287.36035,11536.25098,10161.98242
Rwanda,260.6076547,238.788134,233.1575044,249.7507031,273.6446627,331.7045113,366.9116293,438.6813363,543.5680119,579.7532368,609.7542974,668.5278483,725.2049521,722.9290868,742.9662434,751.1105055,744.7943858,772.2948846,783.8127901,820.1772393,786.3018148
South Asia,453.2376041,455.8580189,469.712186,538.711136,613.9477974,691.6926172,774.8637986,959.3051264,959.4612494,1041.980211,1257.499508,1368.916304,1366.059425,1383.316909,1496.014996,1543.048131,1696.739629,1911.329754,1944.006635,1987.56834,1875.441391
Saudi Arabia,9171.331476,8684.645762,8695.396483,9609.968686,11185.13704,13791.45476,15384.73836,16516.63178,20078.26007,16113.14371,19262.5476,23745.88058,25243.602,24845.12466,24464.21256,20627.92178,19878.76817,20802.46179,24228.83904,23450.56202,20203.66888
Sudan,366.1727295,456.6242371,512.4412842,586.7532349,711.9219971,914.1665039,1143.932251,1461.315918,1551.085815,1358.527222,1683.211914,1947.184204,1746.031982,1781.010254,2022.724243,2184.542236,2583.447266,3178.314209,773.5070801,755.3289795,615.4620972
Senegal,613.7323845,648.4414733,681.3118508,831.8310403,932.1680954,992.6880581,1027.731441,1197.409561,1403.949385,1308.937808,1271.583281,1366.774501,1317.779802,1372.665779,1396.657339,1219.249415,1269.903294,1361.701972,1458.081584,1435.830367,1462.808169
Singapore,23852.32703,21700.02005,22159.68886,23730.15245,27608.53737,29961.26328,33769.15416,39432.93835,40007.46926,38927.20688,47236.96023,53890.42873,55546.48854,56967.42579,57562.53079,55646.61875,56860.41324,61150.7272,66859.33834,65831.18943,60729.45035
Solomon Islands,1017.399663,965.9354997,795.5403154,788.6333562,866.9902759,1014.723188,1119.580863,1260.251271,1389.056107,1428.616209,1604.148888,1938.775694,2141.914041,2248.727594,2274.966251,2167.155394,2225.475204,2332.898555,2411.897904,2344.048976,2250.601164
Sierra Leone,138.6987225,229.3756595,252.396007,266.4469054,266.5693713,292.3490663,323.3890184,360.3716605,408.4810085,391.200943,401.8348761,448.3376621,566.3782351,716.8358269,714.6997957,588.2288628,501.4151655,496.6822949,533.9915333,521.7548367,509.376594
El Salvador,2001.540049,2072.301591,2124.10182,2209.497245,2278.43033,2428.568879,2631.822739,2786.157774,2933.39424,2858.483344,2983.228806,3266.010978,3428.409332,3509.526536,3589.042885,3705.579704,3805.995686,3910.254403,4052.624775,4167.730939,3798.636521
San Marino,36604.49338,38730.80304,41464.74643,51270.12923,59558.77272,60900.54329,64261.03273,72697.70599,78643.55065,66703.21823,60254.7763,57297.51331,49988.46363,51570.98395,50817.33082,42662.90241,43828.23155,45399.02898,48996.59299,47727.13489,45515.7577
Somalia,0,0,0,0,0,0,0,0,0,0,0,0,0,350.1681618,374.1147807,386.437817,389.8220615,384.4634014,389.8313955,419.3948077,438.2551656
Serbia,914.7857199,1727.281196,2283.846685,3005.426352,3502.802924,3720.479155,4382.617279,5848.476405,7101.040141,6169.114195,5735.422857,6809.159804,6015.945228,6755.073675,6600.056809,5588.980728,5765.200762,6292.543629,7252.401858,7417.203649,7730.691746
South Sudan,0,0,0,0,0,0,0,0,1669.493752,1337.882231,1535.706892,1516.404378,1179.739711,1779.470365,1322.820364,1119.651437,0,0,0,0,0
Sub-Saharan Africa,635.8943,594.4344443,629.4554256,772.7697611,935.7649348,1082.214162,1242.000093,1400.862669,1548.955371,1449.791957,1670.554032,1830.882645,1852.840892,1913.737226,1928.534202,1692.674294,1538.244417,1622.982614,1606.863419,1618.920771,1501.779422
Small states,4391.700956,4346.305227,4584.69994,5404.044143,6401.585154,7494.243736,8558.77305,10045.26452,11836.66149,9923.057742,11170.41723,13210.26675,13523.41851,13820.56344,14001.86934,11746.83968,11348.57057,12064.64049,13015.08585,12615.13255,10787.66873
Sao Tome and Principe,0,524.6698721,577.628404,678.7379639,745.3202999,866.5049956,883.0970413,896.8677913,1098.755219,1067.908053,1090.260763,1254.541598,1330.620114,1564.768548,1770.467688,1584.775657,1700.097997,1813.807434,1953.513257,1987.579702,2157.840446
Suriname,2012.281651,1750.576737,2267.753984,2611.377493,3006.183233,3590.648183,5197.747907,5744.759727,6831.983622,7408.360786,8255.874872,8263.203803,9200.974786,9402.164419,9471.922001,9168.237157,5872.789429,6295.560562,6938.086981,6853.693411,4916.605666
Slovakia,5426.624281,5722.168183,6564.696314,8731.937368,10691.44655,11690.11347,13170.78498,16106.06044,18753.58494,16597.20846,16841.76774,18430.1298,17429.82975,18208.41759,18655.79011,16342.21626,16512.29299,17538.04858,19389.98216,19303.54566,19266.51357
Slovenia,10201.30354,10479.75963,11777.15566,14849.03724,17233.13856,18098.90854,19672.96556,23817.88673,27595.59997,24792.12798,23532.48085,25128.01504,22641.80512,23503.28249,24247.17332,20890.16643,21678.35947,23514.02546,26116.85636,25942.95477,25489.50023
Sweden,29624.91267,27247.85773,29899.19525,37321.7979,42821.67314,43437.06312,46593.60216,53700.00534,56152.55234,46946.96027,52869.04429,60755.75955,58037.82132,61126.9432,60020.36046,51545.48361,51965.15715,53791.50873,54589.06039,51939.42974,52300.2062
Eswatini,1728.710498,1521.769075,1405.448706,2148.632475,2699.130742,3083.838141,3176.691168,3327.445134,3137.387266,3385.858846,4168.489403,4496.613361,4527.565039,4230.171266,4039.159341,3680.349473,3425.531957,3914.418484,4107.094431,3889.851226,3434.721798
Sint Maarten (Dutch part),0,0,0,0,0,0,0,0,0,0,0,27997.28983,28460.33262,27942.88054,33043.68838,32274.89055,31616.6817,29369.05683,28988.25921,0,0
Seychelles,7578.851053,7663.13708,8331.261997,8524.961236,10176.65871,11092.51074,12014.39987,12154.82994,11122.86207,9706.95606,10804.7233,12189.06375,11998.41987,14764.91886,15188.18905,15157.50183,15740.11063,16416.72607,16910.66792,17252.02078,12193.88687
Syrian Arab Republic,4910.777748,5175.261944,5300.582812,5494.839654,6330.740183,7309.107876,8069.564879,9056.634662,10554.08378,10589.59905,11820.60778,3491.952576,2158.525351,1151.901597,1179.858296,979.1444387,713.029204,955.836559,1265.60619,0,0
Turks and Caicos Islands,0,16625.48892,15785.96255,16384.90243,18181.09289,20533.18761,24559.1437,25457.97782,27650.11635,22020.34729,21029.69594,21839.00902,21345.02598,21715.31397,23778.51913,26183.88504,28241.47929,27545.12879,29553.1367,31350.86663,23879.92665
Chad,166.1757089,197.1460821,221.4165369,292.6008802,454.3363652,658.566973,710.3963987,799.603742,929.3827519,803.6863884,892.5688697,984.7361305,967.3529488,979.8117426,1020.287979,776.0197523,693.4497674,665.9488849,726.1510071,709.5400432,652.3492096
Togo,302.958592,292.8231035,328.3981073,396.9205798,413.3298662,406.562366,408.0571173,449.7382505,546.3503702,540.6087126,534.0447826,587.0974928,571.8067239,621.3988536,640.9342196,570.9099672,803.1518934,830.7452767,901.5230169,893.3524541,914.9507925
Thailand,2007.735271,1893.264239,2096.187802,2359.116831,2660.126835,2894.062656,3369.543198,3973.017172,4379.658787,4213.006654,5076.339872,5492.1215,5860.581471,6168.261356,5951.883487,5840.053067,5993.305516,6593.818352,7298.947146,7814.384431,7158.766684
Tajikistan,138.4291467,171.0480646,190.0026776,237.7573352,311.6272313,340.5831832,408.8384135,526.6432883,715.8657063,676.1235111,749.5524123,847.3824321,969.2961039,1048.225602,1104.172358,978.4049812,807.1025861,848.6723799,853.2188734,890.5444024,852.8309878
Turkmenistan,643.1754381,774.482152,967.8874353,1283.908782,1453.917784,1704.41538,2136.472101,2600.368758,3904.465301,4036.456805,4439.202128,5649.962106,6675.178055,7304.285771,7962.244925,6432.685325,6387.682575,6587.092604,6967.375043,7612.03518,0
Timor-Leste,415.0859486,529.7781659,508.8405861,517.8269684,453.5133127,464.5459387,446.4665297,523.7376349,614.435755,676.6190754,806.4143493,936.4485956,1024.172508,1210.035655,1232.450336,1332.791856,1353.754934,1299.494635,1249.138351,1583.713576,1442.730738
Tonga,2091.113009,1839.086867,1845.669127,2030.775469,2301.654115,2594.418739,2873.076637,2910.145122,3331.546555,3006.606344,3527.952342,4002.813771,4581.783245,4428.146521,4354.24436,4336.239603,4157.877249,4513.432531,4740.700272,4903.012138,4624.823449
South Asia (IDA & IBRD),453.2376041,455.8580189,469.712186,538.711136,613.9477974,691.6926172,774.8637986,959.3051264,959.4612494,1041.980211,1257.499508,1368.916304,1366.059425,1383.316909,1496.014996,1543.048131,1696.739629,1911.329754,1944.006635,1987.56834,1875.441391
Trinidad_and_Tobago,6435.134212,6939.828471,7053.087371,8807.866068,10293.86925,12327.28071,14102.59329,16539.89075,21204.00818,14514.24061,16683.39306,19034.12071,19171.21082,20162.73321,20290.51971,18383.5387,16241.41096,16747.9067,17139.18567,17123.11629,15285.94049
Tunisia,2211.835015,2253.034852,2344.396907,2760.405122,3111.374381,3193.204358,3369.924443,3776.332046,4307.580023,4128.463959,4344.619418,4479.921629,4361.684338,4444.847488,4543.992276,4094.841602,3924.349092,3687.780316,3690.896932,3571.945048,3597.218525
Turkiye,4337.478003,3142.920998,3687.956093,4760.104019,6101.632117,7456.296101,8101.856924,9791.88245,10941.17215,9103.474051,10742.77498,11420.55546,11795.63346,12614.78161,12157.99043,11006.27952,10894.60338,10589.66772,9454.348443,9121.515167,8536.43332
Tuvalu,1605.005484,1473.415878,1755.689985,2000.875637,2309.540089,2291.638236,2381.536424,2783.981029,3090.04815,2696.316441,3051.440078,3688.637453,3662.101658,3559.54408,3532.278312,3316.664522,3706.329903,3978.676452,4156.305128,4652.350846,4668.818743
Tanzania,410.9523621,406.5387573,411.9723206,431.2797241,459.2593079,492.6313477,485.4974365,552.8394775,687.3904419,695.2168579,743.4036865,781.4338989,867.8574829,970.3995972,1030.077637,947.9333496,966.5029907,1004.906616,1042.838745,1085.884888,1076.469727
Uganda,261.8691416,239.473127,245.5000403,254.3012043,296.0142675,333.7315763,349.2171001,403.6637446,474.5179496,799.9658963,822.5393725,832.5690782,790.1314506,810.090395,883.5287445,847.2676289,736.5598474,746.8307529,770.6007843,798.5857341,822.0276815
Ukraine,658.3486328,807.8019409,911.9111328,1087.785645,1416.60376,1894.470825,2391.323975,3197.934326,4066.547852,2639.391602,3078.429932,3704.824951,4004.804443,4187.739746,3104.643311,2124.662354,2187.730469,2638.326172,3096.561768,3661.456299,3751.740723
Upper middle income,1971.42288,1964.549339,1962.961787,2181.085954,2595.089146,3095.984785,3652.253349,4493.652377,5443.192664,5205.206847,6300.085412,7556.48342,8031.93621,8551.336135,8746.265703,8149.75184,8041.062324,8834.526226,9448.634854,9548.200238,9166.460854
Uruguay,6875.025469,6284.45968,4090.891888,3624.205685,4120.544205,5226.9441,5887.845162,7026.503055,9091.079039,9451.932449,11992.02377,14236.715,15171.58017,16973.68924,16831.94819,15613.74597,16715.63347,18690.89384,18703.86029,17688.01501,15418.81531
United_States,36329.95607,37133.62311,37997.75966,39490.27496,41724.63163,44123.40707,46302.00088,48050.22378,48570.04598,47194.94335,48650.64313,50065.9665,51784.41857,53291.12769,55123.84979,56762.72945,57866.74493,59914.7778,62805.25376,65094.79943,63027.67953
Uzbekistan,558.2268024,456.7062895,383.343068,396.377979,465.1198869,546.7768502,654.2838373,830.4076942,1082.286025,1213.265328,1742.349256,2051.129515,2267.623275,2419.718703,2628.460008,2753.971072,2704.677188,1916.764642,1597.068337,1784.009816,1749.655815
Venezuela,4842.036601,4986.675788,3700.87974,3272.615024,4325.696756,5504.97724,6833.378912,8454.469536,11432.74592,11765.09976,13825.35712,10955.53801,12986.22269,12457.7686,16055.64532,0,0,0,0,0,0
British Virgin Islands,0,0,0,0,0,0,0,0,0,0,0,0,0,0,0,0,0,0,0,0,0
Virgin Islands (U.S.),0,0,30062.02251,31731.25662,35006.36144,40828.74609,41377.1466,44158.5054,39152.37507,38753.18254,39905.12842,38997.13732,37795.31926,34597.97669,33045.36438,34007.35294,35324.97489,35365.0693,36653.86305,38596.03071,39552.1686
Vietnam,390.0933309,404.8078612,430.0528724,480.5798343,546.909619,687.4797274,784.3723759,906.2842299,1149.424495,1217.268583,1673.329289,1942.08701,2178.043171,2354.874117,2545.416768,2581.622442,2745.565588,2974.117229,3230.927713,3425.089253,3526.274579
Vanuatu,1470.63587,1363.185058,1354.100243,1580.575634,1788.122206,1887.226576,2049.532809,2352.973255,2629.053124,2573.889015,2839.40634,3173.822022,2997.293432,2954.774511,2926.67996,2695.666186,2805.66532,3082.540055,3125.436014,3122.982599,2919.8368
World,5533.052968,5427.391189,5565.592514,6163.078955,6859.583985,7337.489822,7854.104396,8743.396033,9489.966012,8890.80115,9621.128288,10544.87581,10648.23722,10815.58001,10976.38345,10231.70259,10286.41133,10825.90237,11366.07367,11407.47933,10936.05747
Samoa,1483.807415,1518.29369,1597.378918,1878.672728,2283.070695,2652.996245,2763.933685,3150.586176,3499.460768,3402.849714,3566.458334,3933.459314,4022.177798,4037.813902,3937.186298,4073.729083,4109.663296,4258.978675,4187.504787,4322.868416,4068.078865
Kosovo,0,0,0,0,0,0,0,0,2965.449915,2847.555339,3009.559334,3540.891789,3410.85978,3704.784221,3902.676013,3520.766449,3759.560246,4009.380987,4384.048892,4416.108358,4310.811183
Yemen Rep.,554.4486653,550.3603645,579.8531406,620.382726,709.9653788,832.8441987,921.4183549,1017.292048,1229.246675,1116.084396,1334.784902,1374.621401,1446.536472,1607.152173,1674.002572,1601.807163,1152.738019,964.3403436,758.1459489,750.5545834,631.68149
South Africa,3374.718423,2971.819769,2797.087291,4217.11478,5409.133489,6033.101491,6266.533987,6780.884555,6350.65271,6532.736968,8148.961202,8810.930651,8222.197279,7467.079185,6988.808739,6259.839681,5756.965741,6690.939847,7005.095413,6624.761865,5655.867654
Zambia,345.6896207,382.9410352,382.2419633,435.4581994,538.591553,702.7411184,1047.918843,1124.290586,1394.0005,1159.907499,1489.459087,1672.907535,1763.069442,1878.346811,1762.427817,1338.290927,1280.806543,1535.196574,1516.368371,1305.001031,985.132436
Zimbabwe,563.0575041,568.3862905,530.5304463,478.0076044,482.9984515,476.5554025,447.8547399,431.7872587,356.6932344,771.5990323,948.331481,1093.653409,1304.968011,1429.998461,1434.896277,1445.069702,1464.588957,1235.189032,1254.642265,1316.740657,1214.50982
